timestamp,open,high,low,close,volume
2005-05-30,49.92,50.74,49.51,50.39,599699
2005-05-31,50.81,51.19,49.41,49.64,543531
2005-06-01,49.78,50.74,49.64,49.81,563009
2005-06-02,50.37,50.96,49.26,49.36,954227
2005-06-03,49.64,50.08,48.81,49.06,635960
2005-06-04,48.89,49.32,47.85,49.16,161148
2005-06-06,48.22,49.25,47.71,47.84,904701
2005-06-07,48.0,48.3,47.57,47.95,335843
2005-06-08,48.22,48.37,47.7,48.08,412005
2005-06-09,48.31,48.59,48.04,48.28,338547
2005-06-10,48.15,48.3,47.41,47.76,316979
2005-06-13,47.71,48.06,47.58,47.77,172869
2005-06-14,47.85,47.85,46.75,47.06,403788
2005-06-15,47.11,48.13,46.79,47.61,425873
2005-06-16,54.81,54.81,47.2,47.36,1018758
2005-06-17,47.41,48.12,47.11,47.61,502602
2005-06-20,48.15,49.1,47.13,47.31,1340985
2005-06-21,47.7,47.71,46.73,46.99,420272
2005-06-22,46.98,47.24,46.59,46.91,391889
2005-06-23,47.1,47.38,46.67,46.91,221654
2005-06-24,46.81,46.81,46.22,46.52,804512
2005-06-27,46.46,46.65,46.22,46.45,354539
2005-06-28,46.52,46.98,45.7,45.9,535934
2005-06-29,46.21,46.5,45.92,46.16,223833
2005-06-30,46.22,46.65,44.81,45.47,768644
2005-07-01,45.48,46.33,45.48,46.06,186425
2005-07-04,46.08,46.52,45.78,46.19,241427
2005-07-05,46.15,46.42,45.89,45.96,228308
2005-07-06,46.08,46.62,45.19,46.39,541250
2005-07-07,46.52,46.66,45.41,45.54,515636
2005-07-08,45.72,46.13,44.92,45.14,409817
2005-07-11,45.33,45.61,44.52,44.84,836192
2005-07-12,44.89,45.52,44.46,44.65,253001
2005-07-13,44.89,45.26,43.71,43.91,511731
2005-07-14,43.85,44.65,42.99,43.68,562788
2005-07-15,43.7,44.99,43.7,44.13,770828
2005-07-18,44.16,44.66,43.85,44.52,492695
2005-07-19,44.63,44.89,44.44,44.77,268677
2005-07-20,44.88,45.17,43.11,44.08,433695
2005-07-21,44.25,44.65,43.11,44.12,351254
2005-07-22,44.15,44.89,43.34,44.36,598013
2005-07-25,44.44,44.72,43.72,44.36,254546
2005-07-26,44.67,44.67,43.87,44.24,317697
2005-07-27,44.3,44.58,43.86,44.46,187647
2005-07-29,44.34,44.44,42.01,43.03,665256
2005-08-01,42.7,44.04,41.72,43.78,621900
2005-08-02,43.85,46.65,43.85,45.62,1397150
2005-08-03,45.92,46.5,44.89,45.03,633990
2005-08-04,45.04,45.63,44.61,45.14,463676
2005-08-05,45.3,45.3,44.74,44.98,433971
2005-08-08,45.19,45.19,43.7,43.84,411554
2005-08-09,43.7,44.04,43.03,43.44,501551
2005-08-10,42.97,45.19,42.44,45.04,722354
2005-08-11,44.44,45.04,44.01,44.77,283655
2005-08-12,44.96,45.18,44.01,44.32,327809
2005-08-16,44.3,45.24,44.3,44.62,310205
2005-08-17,44.59,45.17,44.15,44.42,1056894
2005-08-18,44.59,45.04,44.15,44.35,402599
2005-08-19,44.44,44.89,43.93,44.12,170753
2005-08-22,44.28,44.42,43.3,43.65,304580
2005-08-23,43.85,44.22,43.35,43.53,326145
2005-08-24,43.56,43.92,42.7,43.2,226538
2005-08-25,43.26,43.44,42.61,42.88,477678
2005-08-26,42.96,43.99,42.68,43.71,272745
2005-08-29,43.85,43.85,42.81,43.07,558579
2005-08-30,43.11,43.7,43.11,43.41,243233
2005-08-31,43.41,43.56,42.96,43.31,209852
2005-09-01,43.38,44.44,43.38,43.95,398951
2005-09-02,43.52,43.96,42.52,43.72,720959
2005-09-05,43.96,44.89,43.56,43.73,260000
2005-09-06,44.44,45.59,44.15,44.59,2742936
2005-09-08,44.74,45.31,44.24,44.58,811097
2005-09-09,44.74,45.05,43.98,44.32,790412
2005-09-12,44.44,45.02,44.44,44.8,448907
2005-09-13,44.89,45.78,44.89,45.31,495725
2005-09-14,45.33,45.49,44.45,44.88,305876
2005-09-15,44.89,45.19,44.59,45.09,225194
2005-09-16,45.19,46.52,45.19,46.11,1134650
2005-09-19,46.08,48.16,46.08,48.01,1323201
2005-09-20,47.41,47.92,44.03,47.62,939972
2005-09-21,47.7,47.84,45.2,46.39,367991
2005-09-22,46.08,46.22,44.46,44.96,278231
2005-09-23,44.89,46.22,44.52,45.35,204380
2005-09-26,45.36,46.41,45.36,46.19,174159
2005-09-27,46.08,46.74,45.69,46.59,252282
2005-09-28,46.75,48.13,46.67,47.96,615879
2005-09-29,48.01,48.3,46.84,47.63,421248
2005-09-30,47.56,47.7,46.22,46.58,190391
2005-10-03,46.52,47.02,46.52,46.81,136290
2005-10-04,46.81,47.7,46.81,46.99,330435
2005-10-05,47.08,48.3,46.96,47.71,699848
2005-10-06,47.7,49.15,47.12,48.61,1337129
2005-10-07,48.56,49.76,47.48,47.9,812621
2005-10-10,48.0,48.28,46.74,46.88,282851
2005-10-11,47.11,48.07,46.86,47.7,559493
2005-10-13,48.07,48.15,46.3,46.54,244046
2005-10-14,48.15,48.15,45.78,46.16,283625
2005-10-17,46.65,46.81,45.56,46.05,114719
2005-10-18,45.92,46.3,44.61,45.3,295667
2005-10-19,45.94,46.74,44.45,44.72,646158
2005-10-20,44.74,45.9,43.92,44.52,221534
2005-10-21,44.59,45.99,44.59,45.69,456561
2005-10-24,45.99,46.96,45.72,46.26,424196
2005-10-25,46.22,46.96,46.22,46.7,658257
2005-10-26,46.67,46.96,46.23,46.63,333980
2005-10-27,46.67,46.81,45.48,45.88,527840
2005-10-28,45.92,46.08,44.44,44.72,518717
2005-10-31,44.44,45.04,43.71,44.05,320198
2005-11-01,44.44,47.85,44.44,45.56,240273
2005-11-02,45.48,46.08,43.85,44.32,1077521
2005-11-07,44.45,45.04,44.19,44.42,661436
2005-11-08,44.59,47.08,44.59,46.43,1150592
2005-11-09,46.52,47.21,44.83,45.32,1168122
2005-11-10,45.48,47.61,45.48,47.24,2459972
2005-11-11,47.61,49.19,47.61,48.82,1808111
2005-11-14,48.81,51.7,48.52,49.08,1161947
2005-11-16,49.24,49.92,48.69,48.99,344600
2005-11-17,49.04,49.6,48.61,48.86,399725
2005-11-18,48.89,50.15,48.23,48.42,857018
2005-11-21,48.59,49.32,48.44,48.6,613388
2005-11-22,48.59,49.01,47.76,48.18,643361
2005-11-23,48.15,48.15,47.19,47.96,327356
2005-11-24,48.06,48.57,46.99,47.41,1254777
2005-11-25,47.85,48.37,47.58,48.04,304910
2005-11-26,48.37,48.8,47.85,48.09,371565
2005-11-28,48.15,50.26,48.15,49.39,1452704
2005-11-29,49.48,51.02,49.48,49.82,1527098
2005-11-30,51.02,51.53,49.5,50.33,1913147
2005-12-01,50.22,51.07,49.5,50.68,968543
2005-12-02,50.37,51.19,49.19,49.41,320016
2005-12-05,49.4,49.4,48.0,48.19,229187
2005-12-06,48.15,48.28,47.12,47.38,228378
2005-12-07,47.41,47.5,46.7,46.83,320487
2005-12-08,46.74,47.5,46.67,47.27,348348
2005-12-09,47.11,47.11,46.6,46.72,247242
2005-12-12,46.74,48.21,46.67,47.6,845561
2005-12-13,47.56,47.99,47.12,47.59,546710
2005-12-14,47.7,48.0,46.74,47.36,528378
2005-12-15,47.55,47.69,46.76,46.89,134528
2005-12-16,46.96,47.69,46.68,46.84,467192
2005-12-19,47.19,48.36,47.19,48.01,325919
2005-12-20,48.15,49.02,48.15,48.44,669422
2005-12-21,49.02,49.24,48.18,48.52,666693
2005-12-22,48.3,48.44,47.41,47.57,226773
2005-12-23,48.15,48.3,46.82,46.97,188561
2005-12-26,46.97,47.11,45.92,46.01,283796
2005-12-27,45.92,47.56,45.92,47.32,321881
2005-12-28,47.56,48.65,47.56,48.41,655142
2005-12-29,48.44,48.74,47.41,48.41,781826
2005-12-30,48.3,48.89,47.72,48.7,298493
2006-01-02,48.74,49.1,48.0,48.34,174833
2006-01-03,48.15,49.78,48.15,49.59,500522
2006-01-04,49.48,51.25,48.89,51.05,1097162
2006-01-05,51.25,51.26,50.15,50.36,399294
2006-01-06,50.37,51.11,49.81,50.74,298541
2006-01-09,50.81,50.96,49.81,50.66,248921
2006-01-10,50.52,51.7,49.32,50.0,614249
2006-01-12,50.22,50.22,48.16,49.08,187131
2006-01-13,49.04,49.46,48.59,48.81,287099
2006-01-16,48.81,49.94,48.19,48.36,118992
2006-01-17,48.3,49.04,47.48,47.61,120828
2006-01-18,47.41,47.7,46.44,46.87,152619
2006-01-19,46.81,47.56,46.8,47.15,159692
2006-01-20,47.26,47.41,46.81,46.96,197991
2006-01-23,46.96,46.96,45.85,46.01,257174
2006-01-24,54.37,54.37,46.08,46.57,90549
2006-01-25,46.65,46.95,44.95,45.27,442235
2006-01-27,45.33,46.44,45.32,45.79,201303
2006-01-30,46.27,46.44,44.72,45.9,288707
2006-01-31,46.08,46.08,44.98,45.79,151151
2006-02-01,45.68,45.78,44.97,45.11,297947
2006-02-02,45.04,46.16,45.04,45.61,186057
2006-02-03,45.63,47.26,45.63,46.51,456857
2006-02-06,46.37,46.67,45.92,46.07,199190
2006-02-07,46.08,46.81,45.42,45.55,156329
2006-02-08,45.64,46.5,45.49,45.77,270242
2006-02-10,45.78,46.21,45.63,45.85,210566
2006-02-13,46.08,48.01,45.94,47.53,574044
2006-02-14,47.85,48.72,47.42,47.59,387413
2006-02-15,48.03,49.54,47.71,48.05,340199
2006-02-16,48.15,49.91,48.15,48.79,640547
2006-02-17,48.89,49.26,47.56,47.72,427857
2006-02-20,46.81,48.21,46.67,48.04,390444
2006-02-21,47.99,48.28,47.14,48.02,191777
2006-02-22,48.22,49.1,47.87,48.7,296327
2006-02-23,48.74,49.63,48.6,48.99,416214
2006-02-24,49.04,49.84,48.85,49.06,392262
2006-02-27,49.19,50.0,49.19,49.86,339305
2006-02-28,50.0,51.08,46.81,47.96,1140564
2006-03-01,46.81,48.15,43.3,47.9,577728
2006-03-02,47.85,48.44,47.41,47.52,326555
2006-03-03,47.41,49.33,46.68,48.24,470432
2006-03-06,48.12,48.96,48.12,48.79,240083
2006-03-07,48.59,49.45,48.15,48.36,137804
2006-03-08,48.15,48.88,47.41,47.71,229958
2006-03-09,47.57,48.55,47.26,47.78,98651
2006-03-10,47.56,48.86,47.26,47.74,201596
2006-03-13,47.74,48.43,47.61,47.72,138282
2006-03-14,47.7,48.18,47.26,47.36,230687
2006-03-16,47.26,47.78,47.12,47.56,142136
2006-03-17,47.41,47.59,46.85,47.4,179033
2006-03-20,47.41,48.0,46.96,47.22,123119
2006-03-21,47.28,47.84,46.56,46.94,219246
2006-03-22,46.9,48.44,46.76,48.19,360624
2006-03-23,48.44,48.88,47.88,48.49,253163
2006-03-24,48.3,49.41,47.33,48.93,410903
2006-03-27,48.89,49.19,48.0,48.11,132246
2006-03-28,48.0,48.44,47.44,47.81,88785
2006-03-29,47.56,47.84,46.81,47.22,290313
2006-03-30,47.11,47.75,46.68,47.23,127647
2006-03-31,47.11,48.0,46.96,47.39,82697
2006-04-03,47.39,48.81,47.39,48.27,117245
2006-04-04,48.3,53.32,48.08,52.0,2150898
2006-04-05,52.0,52.48,50.59,51.1,484694
2006-04-07,51.81,51.81,48.15,48.32,358799
2006-04-10,48.3,49.04,47.64,47.99,215868
2006-04-12,48.15,48.71,47.33,47.64,172629
2006-04-13,47.41,48.22,47.01,47.21,121704
2006-04-17,46.96,49.33,46.96,48.99,230552
2006-04-18,48.89,48.89,47.48,47.64,174788
2006-04-19,47.48,48.58,47.26,47.6,214067
2006-04-20,47.41,48.08,46.97,47.13,120983
2006-04-21,47.41,48.89,47.41,47.66,177935
2006-04-24,47.85,48.71,46.37,46.67,318278
2006-04-25,47.72,47.72,46.68,47.12,269393
2006-04-26,46.68,48.08,46.23,47.8,206774
2006-04-27,48.08,50.18,46.81,46.99,578519
2006-04-28,46.96,48.12,45.92,47.75,258150
2006-04-29,47.7,48.06,46.97,47.43,68795
2006-05-02,47.56,49.01,47.26,48.57,317588
2006-05-03,48.89,50.22,48.89,49.19,603125
2006-05-04,49.19,51.26,49.19,50.99,740598
2006-05-05,50.67,53.24,50.67,52.48,907467
2006-05-08,52.74,53.29,51.39,51.78,281585
2006-05-09,52.15,52.88,51.11,52.65,550643
2006-05-10,52.59,53.33,51.33,52.96,476759
2006-05-11,52.89,52.89,51.56,52.02,275985
2006-05-12,51.56,51.7,50.22,51.37,194919
2006-05-15,51.26,51.26,48.3,48.92,119922
2006-05-16,48.89,49.03,47.26,47.96,94338
2006-05-17,48.0,49.63,48.0,48.3,86156
2006-05-18,48.3,49.62,46.96,47.42,83988
2006-05-19,47.41,48.44,45.92,46.41,97004
2006-05-22,46.67,48.89,42.96,44.69,245183
2006-05-23,44.59,48.22,43.0,47.41,157266
2006-05-24,47.56,48.88,44.61,46.16,306704
2006-05-25,46.22,46.67,44.44,45.98,354380
2006-05-26,46.81,49.63,46.81,47.83,188348
2006-05-29,48.44,49.33,46.44,46.64,130661
2006-05-30,46.67,47.26,45.78,46.16,172595
2006-05-31,46.08,46.22,44.5,45.44,200408
2006-06-01,45.48,46.9,42.22,43.57,400949
2006-06-02,43.11,44.88,42.67,44.52,160241
2006-06-05,44.59,45.01,42.22,42.76,272699
2006-06-06,43.7,44.44,40.46,41.52,547004
2006-06-07,41.19,41.46,37.71,39.28,283916
2006-06-08,38.81,39.85,33.78,34.48,406665
2006-06-09,34.22,35.41,33.73,34.5,343506
2006-06-12,34.52,34.96,32.59,33.03,212853
2006-06-13,33.04,33.04,31.27,31.64,229169
2006-06-14,31.85,35.2,31.85,34.48,850688
2006-06-15,34.81,37.33,34.56,36.88,637250
2006-06-16,36.76,38.5,36.47,37.4,390548
2006-06-19,40.81,40.81,36.3,38.08,246239
2006-06-20,38.08,39.26,36.44,37.48,144897
2006-06-21,36.89,38.52,36.44,37.9,151571
2006-06-22,37.92,40.71,37.63,38.29,351890
2006-06-23,38.22,38.81,37.04,37.91,200822
2006-06-25,38.11,38.96,38.08,38.32,12326
2006-06-26,38.52,38.52,36.34,36.93,94118
2006-06-27,36.74,38.5,35.16,37.79,167111
2006-06-28,37.79,37.79,36.0,36.31,150008
2006-06-29,37.04,37.48,33.75,34.19,961182
2006-06-30,34.81,35.54,34.39,34.88,375786
2006-07-03,35.54,35.78,34.55,34.84,224958
2006-07-04,34.83,35.41,34.39,34.64,98978
2006-07-05,34.39,35.17,34.08,34.97,105914
2006-07-06,34.39,35.16,34.39,34.75,117260
2006-07-07,34.52,35.11,32.89,33.17,148491
2006-07-10,33.33,34.23,32.3,33.68,150405
2006-07-11,33.63,34.22,33.33,34.08,452111
2006-07-12,34.08,34.08,31.65,33.33,234366
2006-07-13,33.33,34.04,32.61,32.72,133461
2006-07-14,32.74,32.74,31.11,31.81,254105
2006-07-17,31.56,31.7,31.14,31.28,135575
2006-07-18,31.7,31.7,31.02,31.24,99584
2006-07-19,31.26,31.7,30.52,30.69,153179
2006-07-20,31.11,32.59,31.11,32.48,277679
2006-07-21,32.59,32.59,31.64,31.9,69908
2006-07-24,32.3,32.59,29.36,31.7,207494
2006-07-25,31.85,32.58,31.72,31.87,159234
2006-07-26,31.85,33.04,31.72,32.73,238310
2006-07-27,32.59,34.08,31.88,32.87,544260
2006-07-28,32.89,33.11,32.01,32.26,114618
2006-07-31,32.59,33.92,32.44,33.32,195401
2006-08-01,33.33,33.56,32.74,33.31,102335
2006-08-02,33.33,34.66,32.01,33.23,55551
2006-08-03,32.89,33.63,32.31,33.21,136281
2006-08-04,32.74,33.48,32.31,32.46,157781
2006-08-07,32.89,33.11,31.48,31.66,371201
2006-08-08,31.7,32.72,31.34,31.96,440030
2006-08-09,32.0,33.19,31.92,32.88,185379
2006-08-10,32.89,33.25,32.3,32.98,114497
2006-08-11,32.98,33.56,32.76,32.92,164942
2006-08-14,32.59,35.47,32.59,34.96,686567
2006-08-16,35.56,39.7,35.26,38.64,2738237
2006-08-17,39.23,40.59,37.05,37.69,1087988
2006-08-18,37.63,43.36,37.24,40.56,3168857
2006-08-21,41.02,42.96,39.26,42.58,2673396
2006-08-22,42.52,42.67,38.96,39.26,2043635
2006-08-23,39.41,40.77,37.84,38.28,2812713
2006-08-24,38.22,39.33,37.52,38.29,1611248
2006-08-25,38.52,38.96,37.64,38.1,974717
2006-08-28,38.22,40.15,38.22,39.86,1534085
2006-08-29,40.89,41.33,39.72,40.11,2762915
2006-08-30,40.59,42.22,40.33,41.91,5033000
2006-08-31,42.22,42.59,40.89,41.13,1124516
2006-09-01,40.37,41.86,40.37,41.49,710207
2006-09-04,44.27,44.27,41.7,43.47,1977500
2006-09-05,43.7,44.73,42.7,43.1,1177475
2006-09-06,43.3,45.61,42.81,45.36,2649980
2006-09-07,45.48,46.04,43.85,44.22,1366700
2006-09-08,44.44,45.47,44.44,45.27,1108209
2006-09-11,45.33,46.67,44.59,45.21,1682685
2006-09-12,45.33,46.22,43.3,43.61,1461965
2006-09-13,44.25,45.47,43.56,43.76,2594573
2006-09-14,44.22,44.44,43.26,43.45,1235432
2006-09-15,43.7,44.67,42.63,43.08,2040830
2006-09-18,43.11,43.82,42.96,43.59,1193754
2006-09-19,43.7,43.85,41.91,42.81,1054871
2006-09-20,42.67,43.41,42.37,43.09,872037
2006-09-21,43.26,44.49,43.26,43.59,2622650
2006-09-22,44.0,44.0,42.53,42.91,832608
2006-09-25,42.96,44.15,42.9,43.71,1663253
2006-09-26,43.85,43.99,43.41,43.73,1252665
2006-09-27,43.85,44.27,43.3,43.62,1200672
2006-09-28,43.56,43.96,41.83,42.12,1562372
2006-09-29,42.37,42.93,41.2,41.44,980351
2006-10-03,41.79,42.3,41.44,41.52,1371851
2006-10-04,41.92,43.19,41.92,42.11,1993560
2006-10-05,42.52,43.44,42.39,43.14,3308619
2006-10-06,43.11,45.76,43.11,45.11,3833069
2006-10-09,45.48,45.48,44.0,44.52,1452918
2006-10-10,45.19,45.19,44.01,44.65,823506
2006-10-11,45.19,45.76,45.03,45.44,1350389
2006-10-12,45.78,48.89,45.78,48.39,3060351
2006-10-13,50.01,50.01,46.4,47.1,2161094
2006-10-16,47.41,47.42,45.66,46.25,1180638
2006-10-17,46.37,46.48,44.62,44.93,1170008
2006-10-18,45.19,45.89,44.76,44.99,845063
2006-10-19,45.19,46.37,45.19,45.57,843965
2006-10-20,45.63,45.63,44.15,44.32,659537
2006-10-21,44.74,46.16,44.59,45.7,266352
2006-10-23,45.92,47.14,45.81,46.9,1198499
2006-10-26,46.81,46.81,44.76,45.09,1177074
2006-10-27,45.12,46.08,45.12,45.56,329540
2006-10-30,45.83,48.15,45.83,47.55,1215536
2006-10-31,47.78,49.47,47.78,48.13,1583181
2006-11-01,48.15,48.99,48.04,48.7,975998
2006-11-02,48.89,49.99,48.67,49.21,1053779
2006-11-03,49.19,49.81,49.08,49.5,528630
2006-11-06,49.33,49.34,47.24,47.5,875144
2006-11-07,47.83,47.99,45.64,45.92,1217351
2006-11-08,46.08,47.11,44.91,45.79,2086029
2006-11-09,46.74,47.25,44.91,45.33,621680
2006-11-10,44.59,45.33,43.15,44.36,1603610
2006-11-13,44.44,45.33,44.19,44.41,565431
2006-11-14,44.89,45.82,44.3,45.51,1397837
2006-11-15,45.63,45.92,44.59,45.3,643904
2006-11-16,45.19,45.48,44.44,44.56,368843
2006-11-17,45.0,47.78,45.0,47.28,3284664
2006-11-20,48.0,48.14,46.15,46.79,1567682
2006-11-21,46.52,48.67,45.27,48.35,1297049
2006-11-22,48.15,48.15,46.56,46.87,944553
2006-11-23,47.11,48.08,46.68,47.01,662960
2006-11-24,46.92,47.72,46.79,46.92,681377
2006-11-27,46.86,47.23,45.73,45.93,388484
2006-11-28,45.61,45.61,44.3,44.79,787232
2006-11-29,44.74,44.74,43.11,43.26,1198574
2006-11-30,42.96,42.98,41.2,41.75,1344683
2006-12-01,41.78,43.1,41.04,42.68,1051436
2006-12-04,42.37,44.26,41.79,43.38,1546070
2006-12-05,42.22,43.97,42.22,43.05,669954
2006-12-06,43.33,43.72,41.92,42.1,491411
2006-12-07,42.22,42.61,41.07,41.2,767025
2006-12-08,41.28,41.61,40.38,40.59,494445
2006-12-11,41.48,42.22,38.81,39.15,456960
2006-12-12,39.26,40.04,35.92,38.24,723887
2006-12-13,37.04,40.66,37.04,40.41,1196306
2006-12-14,41.48,42.36,39.56,41.15,1159886
2006-12-15,40.78,41.33,40.34,40.65,481361
2006-12-18,40.59,41.04,39.44,40.36,565608
2006-12-19,40.74,40.84,39.58,39.94,551490
2006-12-20,39.26,41.18,38.52,40.69,822797
2006-12-21,41.04,41.19,39.44,39.69,740684
2006-12-22,39.7,40.28,39.57,40.05,245096
2006-12-26,39.7,40.46,39.6,40.32,289574
2006-12-27,40.3,41.24,39.7,40.95,806943
2006-12-28,40.74,41.58,40.53,40.76,1735751
2006-12-29,41.04,41.61,40.96,41.26,381185
2007-01-02,41.48,41.91,41.06,41.24,120327
2007-01-03,41.19,41.62,40.77,41.04,506187
2007-01-04,41.48,44.15,41.48,42.92,904973
2007-01-05,45.84,45.84,43.7,44.1,1129209
2007-01-08,43.85,44.74,42.96,43.41,795035
2007-01-09,43.41,44.43,42.52,42.78,283556
2007-01-10,42.81,43.6,41.79,42.06,586260
2007-01-11,42.67,43.56,42.67,43.22,824322
2007-01-12,43.72,45.78,43.72,45.08,1547048
2007-01-15,45.44,45.54,43.49,43.83,532329
2007-01-16,43.85,44.44,43.34,44.29,792020
2007-01-17,44.76,46.8,44.74,46.54,1501983
2007-01-18,46.95,48.36,46.68,47.57,1589420
2007-01-19,48.59,48.86,47.44,47.57,713639
2007-01-22,48.36,49.61,46.59,47.84,473190
2007-01-23,48.08,48.15,46.84,47.1,294122
2007-01-24,46.28,46.44,45.79,46.13,283889
2007-01-25,46.28,48.26,45.43,47.58,504125
2007-01-29,47.52,47.7,45.78,46.58,248240
2007-01-31,46.67,46.67,45.63,46.24,453527
2007-02-01,46.08,46.52,44.68,44.92,805610
2007-02-02,44.89,45.67,44.7,44.9,371051
2007-02-05,46.59,46.59,43.79,44.83,535583
2007-02-06,44.74,45.17,43.64,43.75,331934
2007-02-07,43.42,44.12,42.96,43.32,375993
2007-02-08,43.27,43.99,43.27,43.86,473228
2007-02-09,43.7,43.7,42.67,42.94,261000
2007-02-12,43.11,44.0,41.33,41.68,229526
2007-02-13,41.48,42.56,40.9,41.32,260910
2007-02-14,41.63,41.92,40.36,41.44,128085
2007-02-15,42.22,43.26,40.05,40.89,727221
2007-02-19,40.78,42.19,40.3,41.86,504449
2007-02-20,42.22,43.39,42.09,42.64,499124
2007-02-21,42.67,44.15,42.67,43.48,722270
2007-02-22,43.56,43.97,41.78,42.45,880068
2007-02-23,42.22,42.96,40.46,40.71,459822
2007-02-26,40.0,41.48,40.0,41.09,221271
2007-02-27,41.48,41.76,40.04,40.76,380123
2007-02-28,40.3,41.04,38.69,40.24,831360
2007-03-01,40.44,40.74,39.41,39.72,763853
2007-03-02,39.26,40.88,38.53,38.94,288746
2007-03-05,38.67,38.96,35.87,36.5,828728
2007-03-06,36.3,38.27,36.3,37.96,303569
2007-03-07,37.78,38.37,35.3,36.0,486005
2007-03-08,36.1,36.59,35.85,36.14,190478
2007-03-09,35.85,37.03,35.7,35.99,109277
2007-03-12,36.3,37.48,36.3,37.08,458552
2007-03-13,37.19,38.01,37.19,37.81,355874
2007-03-14,37.6,37.9,37.04,37.36,617309
2007-03-15,37.78,38.22,37.1,37.21,290915
2007-03-16,37.78,38.22,37.1,37.84,368295
2007-03-19,37.94,38.92,37.94,38.21,208799
2007-03-20,38.52,39.63,38.39,39.16,384791
2007-03-21,38.96,39.45,38.67,39.3,212157
2007-03-22,38.96,39.88,38.81,39.64,211802
2007-03-23,39.82,39.82,38.37,38.72,480461
2007-03-26,38.67,40.28,38.43,39.37,368232
2007-03-28,37.78,39.1,37.34,37.63,344057
2007-03-29,36.89,37.92,36.38,36.92,821402
2007-03-30,36.3,37.52,36.19,36.71,736478
2007-04-02,37.04,37.04,35.5,35.6,203544
2007-04-03,35.41,36.43,35.13,36.11,613506
2007-04-04,36.74,36.96,36.01,36.38,164513
2007-04-05,36.59,37.44,36.31,37.2,290204
2007-04-09,37.77,38.06,37.41,37.7,229397
2007-04-10,38.15,38.96,38.08,38.36,580298
2007-04-11,38.39,38.81,37.34,37.44,169958
2007-04-12,37.92,37.92,36.44,36.68,513104
2007-04-13,36.39,36.72,36.0,36.35,431828
2007-04-16,36.74,37.32,36.59,37.08,446235
2007-04-17,37.33,39.26,37.19,38.75,1015781
2007-04-18,38.96,39.92,37.81,37.94,690234
2007-04-19,37.48,38.34,37.19,38.16,207153
2007-04-20,38.37,39.11,38.15,38.45,302157
2007-04-23,38.68,39.66,38.09,38.24,329486
2007-04-24,37.78,38.94,37.48,38.5,322064
2007-04-25,39.14,39.7,38.53,38.81,707933
2007-04-26,38.96,41.33,38.67,40.56,2088627
2007-04-27,40.31,41.63,39.59,39.96,1169357
2007-04-30,40.0,40.63,39.26,40.01,452054
2007-05-03,40.59,41.63,40.0,41.48,717456
2007-05-04,41.48,42.44,40.96,41.13,815420
2007-05-07,41.63,43.24,41.63,42.78,1074416
2007-05-08,43.11,43.7,41.52,41.76,395564
2007-05-09,42.18,42.5,41.26,42.39,576320
2007-05-10,42.67,43.1,41.73,42.56,815039
2007-05-11,42.22,42.96,41.64,42.48,766389
2007-05-14,42.81,43.91,42.54,42.74,860987
2007-05-15,42.67,45.02,42.67,44.79,738662
2007-05-16,44.44,45.19,43.51,43.9,727535
2007-05-17,44.37,45.6,44.37,45.41,583907
2007-05-18,44.44,45.11,44.0,44.49,417297
2007-05-21,45.92,45.92,44.19,45.19,870483
2007-05-22,44.61,45.04,44.3,44.42,216389
2007-05-23,44.74,45.56,44.0,44.33,318426
2007-05-24,44.15,44.72,42.25,42.59,414179
2007-05-25,42.59,42.59,41.21,41.39,729203
2007-05-28,41.48,42.71,41.33,41.5,570816
2007-05-29,42.06,42.51,41.12,41.32,650705
2007-05-30,41.32,42.31,41.19,41.32,375420
2007-05-31,41.78,45.43,41.66,43.66,796496
2007-06-01,43.56,44.0,42.84,43.82,646667
2007-06-04,43.56,44.28,41.94,42.23,1086939
2007-06-05,42.23,42.37,40.94,41.08,1114289
2007-06-06,41.04,41.78,40.9,41.04,808512
2007-06-07,41.48,41.63,40.05,40.28,934203
2007-06-08,40.0,40.0,38.52,38.68,812573
2007-06-11,39.28,40.74,39.19,40.58,778031
2007-06-12,40.9,41.25,40.01,41.04,1166744
2007-06-13,41.04,41.39,39.7,39.88,456986
2007-06-14,40.01,40.59,39.71,40.0,378320
2007-06-15,39.55,40.81,39.34,40.5,499280
2007-06-18,40.74,40.74,39.01,39.12,515513
2007-06-19,39.11,39.64,38.52,39.09,970244
2007-06-20,39.26,39.56,38.82,38.97,440136
2007-06-21,39.7,40.89,39.19,40.56,1422950
2007-06-22,42.96,42.96,40.06,40.34,719735
2007-06-25,40.59,40.59,38.96,39.16,1218761
2007-06-26,39.68,39.73,38.62,38.79,1150343
2007-06-27,39.24,39.26,38.37,38.72,1515867
2007-06-28,39.24,39.24,38.67,38.98,776672
2007-06-29,39.1,41.63,38.75,40.1,559964
2007-07-02,39.33,40.39,39.28,40.02,657059
2007-07-03,40.0,41.04,39.26,39.34,1040645
2007-07-04,39.48,40.0,38.99,39.32,964179
2007-07-05,39.84,39.99,39.12,39.74,651969
2007-07-06,39.74,39.84,39.33,39.64,1303286
2007-07-09,39.56,39.92,39.43,39.64,889542
2007-07-10,39.86,40.43,38.66,38.72,1121750
2007-07-11,38.81,39.04,37.92,38.08,846150
2007-07-12,38.48,38.86,38.22,38.66,505995
2007-07-13,38.84,39.1,38.6,38.73,338550
2007-07-16,38.81,39.15,38.37,38.56,456144
2007-07-17,38.52,38.81,38.16,38.27,673085
2007-07-18,38.22,38.7,38.1,38.52,289566
2007-07-19,38.52,38.65,38.22,38.36,319265
2007-07-20,38.52,39.1,37.42,37.55,1026522
2007-07-23,37.56,38.32,37.04,37.29,651014
2007-07-24,37.33,38.0,37.33,37.68,518937
2007-07-25,37.76,38.41,37.56,38.04,324758
2007-07-26,38.22,39.76,37.94,39.17,1769045
2007-07-27,38.37,38.96,37.52,38.02,722889
2007-07-30,38.02,38.56,37.64,38.12,250130
2007-07-31,38.48,38.78,37.78,38.17,758009
2007-08-01,37.77,37.92,36.01,36.27,507750
2007-08-02,36.89,37.04,36.33,36.51,404808
2007-08-03,37.04,37.04,36.55,36.76,400322
2007-08-06,36.54,37.73,36.15,37.03,742799
2007-08-07,37.92,38.44,37.48,37.89,690971
2007-08-08,38.37,38.49,37.93,38.33,456551
2007-08-09,38.49,38.78,37.12,37.36,645875
2007-08-10,37.05,37.33,36.33,37.1,819647
2007-08-13,37.63,37.63,36.89,37.21,440520
2007-08-14,37.33,37.77,37.21,37.57,403616
2007-08-16,36.48,37.04,36.34,36.5,901245
2007-08-17,35.56,35.56,32.92,33.37,1499928
2007-08-20,34.62,34.77,33.81,33.99,833412
2007-08-21,34.67,34.67,33.29,33.67,815966
2007-08-22,33.19,34.48,33.19,34.05,379514
2007-08-23,32.61,34.67,32.61,33.96,612027
2007-08-24,33.79,34.37,33.64,33.88,203879
2007-08-27,34.59,34.59,34.0,34.08,303485
2007-08-28,34.08,34.37,33.84,33.96,301491
2007-08-29,33.78,35.15,33.45,34.94,1066769
2007-08-30,35.51,35.51,34.43,34.57,922019
2007-08-31,35.54,35.54,34.52,34.81,333839
2007-09-03,35.2,35.24,34.69,34.87,245768
2007-09-04,35.11,35.64,34.82,35.33,432930
2007-09-05,35.26,35.7,34.96,35.08,245936
2007-09-06,35.39,35.39,34.67,34.91,415797
2007-09-07,35.11,35.26,34.45,34.54,299705
2007-09-10,34.54,35.85,34.39,35.72,451365
2007-09-11,35.85,37.32,35.3,36.5,1102595
2007-09-12,36.46,36.99,35.56,35.7,376854
2007-09-13,35.56,36.3,35.29,35.64,580653
2007-09-14,35.76,36.48,35.28,35.41,282155
2007-09-17,34.81,35.85,34.81,35.19,146280
2007-09-18,35.11,35.84,34.81,35.62,668129
2007-09-19,35.41,36.13,35.04,35.58,577868
2007-09-20,35.7,37.69,35.7,37.33,2048888
2007-09-21,37.19,37.78,36.92,37.22,545480
2007-09-24,37.75,38.33,37.41,37.99,951665
2007-09-25,38.22,40.72,38.06,39.37,1972556
2007-09-26,39.96,43.21,39.64,41.28,2619906
2007-09-27,41.9,42.13,39.48,40.36,1800033
2007-09-28,40.37,40.74,39.04,39.53,431688
2007-10-01,37.78,41.63,37.78,40.83,1177566
2007-10-03,41.04,41.91,40.0,40.61,1599864
2007-10-04,40.61,41.63,39.26,39.95,661832
2007-10-05,40.0,41.47,39.41,40.12,628521
2007-10-08,40.3,40.44,37.67,39.04,778532
2007-10-09,39.41,40.3,38.27,39.91,606146
2007-10-10,40.15,40.3,38.84,39.15,1388474
2007-10-11,39.41,40.3,38.67,39.16,1521563
2007-10-12,39.26,40.69,37.26,37.76,1313075
2007-10-15,38.89,38.89,36.3,36.53,1453193
2007-10-16,36.3,37.3,35.57,35.78,1239372
2007-10-17,35.56,35.56,34.22,35.0,631037
2007-10-18,34.96,36.3,33.79,34.5,1275486
2007-10-19,34.52,35.41,34.08,34.17,329561
2007-10-22,34.08,34.76,33.52,33.69,882956
2007-10-23,34.66,34.88,34.08,34.64,565496
2007-10-24,35.59,35.7,34.67,34.88,353330
2007-10-25,35.11,35.41,34.26,34.59,910991
2007-10-26,34.52,35.38,34.51,35.24,319739
2007-10-29,35.7,36.1,34.86,35.21,1115339
2007-10-30,35.0,36.04,34.92,35.3,910752
2007-10-31,35.26,36.0,34.97,35.44,836216
2007-11-01,35.72,35.84,34.56,34.81,908411
2007-11-02,33.48,35.7,32.92,35.45,539157
2007-11-05,35.56,36.88,35.56,36.5,1088934
2007-11-06,36.59,37.48,36.32,36.56,607349
2007-11-07,36.88,38.93,35.7,38.3,1170320
2007-11-08,38.37,39.11,37.63,38.2,1208258
2007-11-09,38.7,39.96,38.4,39.5,503796
2007-11-12,38.52,39.66,37.64,38.29,1791242
2007-11-13,37.92,39.1,37.92,38.31,1284051
2007-11-14,38.82,39.1,37.19,38.55,2741408
2007-11-15,38.96,45.61,38.26,44.4,5952353
2007-11-16,44.3,49.26,43.85,46.87,6445047
2007-11-19,47.44,48.59,44.47,44.78,2192819
2007-11-20,44.89,46.61,43.89,44.52,1777098
2007-11-21,45.04,45.14,40.15,40.52,1693205
2007-11-22,40.44,43.41,40.04,42.49,1719632
2007-11-23,42.56,43.56,40.33,41.07,538719
2007-11-26,42.81,43.48,41.48,42.21,575832
2007-11-27,42.8,43.92,41.5,43.39,998903
2007-11-28,42.96,44.59,42.23,42.52,1307262
2007-11-29,43.12,43.55,40.9,41.59,2381381
2007-11-30,42.22,42.96,40.0,40.39,2363997
2007-12-03,41.04,42.08,40.89,41.39,1056348
2007-12-04,41.73,44.13,41.48,43.14,2041277
2007-12-05,43.85,46.19,43.26,45.91,2344763
2007-12-06,46.37,47.19,44.9,45.56,1499282
2007-12-07,45.78,46.31,43.93,44.26,1369319
2007-12-10,44.89,46.43,44.31,45.74,1123538
2007-12-11,46.3,49.63,45.85,48.74,2467710
2007-12-12,48.89,50.47,48.15,49.19,2108888
2007-12-13,50.22,51.38,47.92,48.27,2837283
2007-12-14,48.89,48.89,46.99,48.1,1590222
2007-12-17,50.32,50.32,42.97,44.06,2423111
2007-12-18,44.59,45.92,43.33,45.28,1097436
2007-12-19,45.92,47.26,45.19,45.96,1290020
2007-12-20,45.92,46.8,45.51,46.33,506213
2007-12-24,46.96,47.41,46.67,47.21,1171892
2007-12-26,47.34,50.96,47.26,50.36,2065233
2007-12-27,50.81,50.96,48.59,49.76,5094395
2007-12-28,49.63,51.77,48.64,50.89,2122481
2007-12-31,50.96,55.77,50.7,54.71,6517070
2008-01-01,52.78,55.32,52.78,54.39,1825988
2008-01-02,54.96,56.21,53.36,55.5,2112294
2008-01-03,55.41,59.7,54.89,59.04,3716915
2008-01-04,59.26,59.97,58.39,58.84,2342132
2008-01-07,57.78,58.52,56.16,57.12,1947623
2008-01-08,56.64,57.84,53.62,54.15,1859291
2008-01-09,54.8,55.3,52.3,52.94,2119709
2008-01-10,53.33,53.63,48.84,49.28,2779863
2008-01-11,49.19,50.28,48.16,49.41,1701150
2008-01-14,50.37,52.19,49.48,51.77,2138432
2008-01-15,52.41,56.3,49.52,49.96,1174031
2008-01-16,49.61,51.96,48.89,49.77,1676483
2008-01-17,49.85,51.08,48.16,48.84,1882739
2008-01-18,48.16,49.41,45.63,45.96,965261
2008-01-21,45.92,46.41,37.43,40.27,1902590
2008-01-22,40.16,40.73,30.37,35.88,2500023
2008-01-23,39.96,40.0,36.44,37.72,1421820
2008-01-24,37.04,40.89,36.37,37.58,1237350
2008-01-25,38.52,41.48,38.09,40.61,995972
2008-01-28,38.52,40.0,37.92,39.15,673772
2008-01-29,39.41,39.85,38.01,38.33,523814
2008-01-30,38.33,38.52,36.33,36.91,657023
2008-01-31,37.04,39.56,36.3,37.53,2219180
2008-02-01,37.78,39.26,36.78,38.94,809408
2008-02-04,40.74,41.7,39.3,40.88,1789361
2008-02-05,40.74,42.81,40.3,41.59,1210494
2008-02-06,40.74,41.32,39.33,40.97,595502
2008-02-07,40.47,42.18,39.26,39.95,784517
2008-02-08,40.0,41.78,39.14,41.22,837638
2008-02-11,40.74,40.88,37.41,37.91,576512
2008-02-12,38.37,39.11,36.74,38.56,678800
2008-02-13,38.67,39.99,37.35,38.3,896096
2008-02-14,38.37,45.04,38.37,44.21,3421721
2008-02-15,44.59,47.36,42.99,45.86,3115436
2008-02-18,45.33,46.79,44.63,46.08,979670
2008-02-19,46.36,47.96,45.78,46.13,1408082
2008-02-20,46.37,46.37,42.96,43.92,1247432
2008-02-21,44.44,45.78,42.22,43.63,783464
2008-02-22,43.26,44.04,42.22,43.35,1478658
2008-02-25,43.7,44.59,42.97,43.5,1045889
2008-02-26,43.7,45.84,43.7,45.58,1297157
2008-02-27,47.99,47.99,44.72,45.12,1033370
2008-02-28,42.23,45.89,42.23,44.56,2118293
2008-02-29,44.9,45.84,42.22,44.49,1865900
2008-03-03,44.44,45.61,42.39,42.81,1212993
2008-03-04,42.96,43.1,41.48,41.83,1149062
2008-03-05,42.08,43.24,41.96,42.24,849431
2008-03-07,42.96,42.96,40.33,41.71,1706594
2008-03-10,41.48,43.22,40.74,42.29,865464
2008-03-11,42.23,43.06,41.48,42.52,649703
2008-03-12,42.96,43.24,40.98,41.47,614600
2008-03-13,40.74,41.76,39.58,40.01,1283525
2008-03-14,41.48,42.22,38.22,40.05,636176
2008-03-17,40.0,40.3,37.05,37.51,568775
2008-03-18,37.78,40.0,37.22,38.85,1696791
2008-03-19,39.26,39.85,37.19,37.64,778517
2008-03-24,38.52,39.39,37.41,38.08,684633
2008-03-25,38.52,39.82,38.39,39.1,554141
2008-03-26,39.26,39.44,37.34,38.98,443708
2008-03-27,38.67,39.52,37.19,37.79,1370756
2008-03-28,38.81,39.26,37.61,39.09,182946
2008-03-31,38.81,39.24,37.64,37.99,425291
2008-04-01,37.33,38.81,37.33,37.99,601947
2008-04-02,38.52,39.26,38.08,38.36,208539
2008-04-03,38.23,38.74,38.08,38.21,360590
2008-04-04,38.53,38.81,37.64,37.97,283320
2008-04-07,38.5,38.93,37.05,37.44,428540
2008-04-08,37.34,37.77,36.67,36.85,492578
2008-04-09,37.7,38.49,36.37,36.79,377379
2008-04-10,36.74,37.54,36.08,36.24,513356
2008-04-11,36.52,36.81,36.23,36.59,369938
2008-04-15,36.89,37.33,36.0,36.78,420716
2008-04-16,36.74,37.28,36.46,36.57,276002
2008-04-17,37.19,37.68,36.45,37.24,415490
2008-04-21,37.19,37.9,37.05,37.64,232232
2008-04-22,37.48,38.29,37.07,37.31,272705
2008-04-23,37.08,37.51,36.83,37.01,440813
2008-04-24,37.32,37.32,35.57,35.81,1801709
2008-04-25,36.08,36.89,36.04,36.7,890831
2008-04-28,36.0,37.86,36.0,37.52,570195
2008-04-29,37.78,38.04,36.89,37.79,447626
2008-04-30,37.78,38.29,37.7,38.12,983171
2008-05-02,38.52,39.52,38.52,39.14,700379
2008-05-05,38.67,39.41,38.67,39.25,542945
2008-05-06,39.11,39.11,37.36,37.56,446205
2008-05-07,37.56,37.56,35.87,36.12,1187066
2008-05-08,34.81,36.8,34.81,36.41,825674
2008-05-09,36.41,36.86,35.81,35.99,438824
2008-05-12,36.13,36.13,34.44,35.08,804950
2008-05-13,35.4,36.08,34.3,34.92,1386801
2008-05-14,34.22,35.5,34.15,35.05,847772
2008-05-15,35.11,35.52,34.96,35.26,260304
2008-05-16,35.0,36.96,35.0,36.77,594431
2008-05-20,36.74,36.84,35.39,35.6,717759
2008-05-21,35.26,36.47,34.97,35.87,569552
2008-05-22,35.56,35.7,34.26,34.79,1430495
2008-05-23,35.53,36.8,35.26,36.02,2135000
2008-05-26,35.41,36.28,35.41,35.63,903749
2008-05-27,36.01,36.72,35.85,36.53,1090553
2008-05-28,36.44,37.18,36.15,36.85,537308
2008-05-29,37.04,38.42,35.56,36.81,2349462
2008-05-30,37.78,37.78,35.57,36.22,1155767
2008-06-02,36.67,36.67,35.6,35.9,691527
2008-06-03,35.7,37.08,35.19,36.67,1173074
2008-06-04,37.78,38.52,35.01,35.71,6661865
2008-06-05,36.59,36.89,32.96,33.44,1904186
2008-06-06,34.22,34.5,31.28,31.52,1652171
2008-06-09,31.11,31.11,27.73,28.63,1736909
2008-06-10,28.15,29.48,27.56,29.17,836780
2008-06-11,29.72,29.85,28.67,28.8,320141
2008-06-12,28.15,29.41,27.66,28.5,451556
2008-06-13,28.59,28.67,27.42,27.7,1333649
2008-06-16,28.16,28.58,28.0,28.2,865184
2008-06-17,28.37,29.02,28.01,28.77,367865
2008-06-18,28.92,30.01,28.61,29.5,1330556
2008-06-19,28.77,29.24,28.48,28.65,388493
2008-06-20,28.9,29.56,28.48,28.99,1477697
2008-06-23,28.88,28.99,27.11,28.19,1456064
2008-06-24,28.15,28.67,27.68,28.19,902837
2008-06-25,27.41,30.04,27.26,29.56,1521866
2008-06-26,29.85,30.56,28.75,29.29,1811859
2008-06-27,28.3,28.59,27.33,27.51,461058
2008-06-30,27.92,27.92,25.37,26.09,724256
2008-07-01,27.38,27.38,25.34,25.87,565044
2008-07-02,25.92,26.96,24.61,26.28,574763
2008-07-03,27.32,27.32,24.33,26.96,1636244
2008-07-04,26.67,27.62,26.1,27.39,628212
2008-07-07,28.0,29.33,27.6,28.48,283424
2008-07-08,28.18,30.43,27.63,30.14,856982
2008-07-09,30.52,31.69,30.21,30.6,643310
2008-07-10,30.81,31.25,30.08,31.1,388079
2008-07-11,31.1,31.11,30.01,30.16,887487
2008-07-14,29.78,30.67,29.19,30.22,353519
2008-07-15,29.9,29.9,28.45,28.74,187077
2008-07-16,29.8,29.8,29.12,29.39,276897
2008-07-17,30.24,31.68,29.78,31.04,1054970
2008-07-18,32.0,32.63,31.48,32.32,625874
2008-07-21,32.59,32.85,31.41,31.59,367152
2008-07-22,31.83,32.74,31.28,32.49,252629
2008-07-23,33.63,34.37,33.04,33.9,1040955
2008-07-24,34.65,34.67,33.96,34.21,655767
2008-07-25,33.78,34.38,32.81,34.06,941261
2008-07-28,34.08,34.48,33.86,34.12,325547
2008-07-29,33.34,33.88,31.79,32.15,815576
2008-07-30,32.15,33.17,32.15,32.92,606234
2008-07-31,32.44,33.11,32.0,32.48,1190975
2008-08-01,32.3,33.47,32.3,33.25,896300
2008-08-04,33.04,33.92,32.76,33.71,280995
2008-08-05,33.85,35.17,33.85,34.61,1529618
2008-08-06,35.41,36.74,34.83,35.39,1442007
2008-08-07,35.26,35.68,34.84,35.39,260181
2008-08-08,34.98,35.75,33.79,34.02,642557
2008-08-11,34.59,35.52,34.24,34.96,961680
2008-08-12,35.37,35.54,34.53,34.94,466226
2008-08-13,34.67,35.44,34.67,35.28,349352
2008-08-14,34.78,34.78,32.74,33.06,1004654
2008-08-18,33.06,33.58,31.57,31.98,563261
2008-08-19,31.85,32.71,31.7,32.22,428666
2008-08-20,32.43,32.55,32.01,32.3,117821
2008-08-21,32.16,32.16,30.04,30.28,509552
2008-08-22,29.86,29.86,28.99,29.59,550670
2008-08-25,30.39,31.03,30.3,30.52,526233
2008-08-26,30.22,30.87,29.65,30.54,402546
2008-08-27,30.54,30.64,30.08,30.32,240623
2008-08-28,30.08,30.52,28.59,28.99,582362
2008-08-29,29.42,30.08,29.42,29.85,361694
2008-09-01,29.26,29.92,28.98,29.84,748232
2008-09-02,30.47,33.78,30.3,33.5,2111001
2008-09-04,32.15,33.85,32.15,33.58,876930
2008-09-05,32.89,35.5,32.74,35.04,1990488
2008-09-08,35.57,35.84,34.18,34.42,459062
2008-09-09,34.7,36.67,34.67,36.08,1563920
2008-09-10,36.18,37.04,35.39,35.87,1724249
2008-09-11,35.59,36.15,34.7,35.47,1586297
2008-09-12,35.56,36.14,34.16,34.56,620108
2008-09-15,33.37,35.99,33.37,35.58,1230495
2008-09-16,36.14,37.52,35.56,36.92,2413076
2008-09-17,36.59,36.89,34.71,35.16,1580906
2008-09-18,33.33,36.12,32.76,35.7,1251617
2008-09-19,36.27,36.3,34.01,34.83,940484
2008-09-22,34.5,34.79,33.6,34.33,1179167
2008-09-23,33.78,34.8,32.98,34.53,776793
2008-09-24,34.64,35.41,34.37,34.88,585264
2008-09-25,34.99,35.61,33.72,34.3,848687
2008-09-26,34.38,34.67,33.42,34.03,300597
2008-09-29,34.07,34.88,32.22,33.88,640386
2008-09-30,33.78,36.37,33.33,35.89,1314923
2008-10-01,35.78,35.86,34.85,35.6,529881
2008-10-03,35.78,37.26,35.59,35.82,794964
2008-10-06,35.56,36.67,35.12,35.57,944487
2008-10-07,36.15,36.44,33.52,33.93,818195
2008-10-08,33.33,33.64,29.86,31.67,965418
2008-10-10,31.11,31.56,27.89,29.19,1111340
2008-10-13,29.48,32.3,29.48,31.75,1138040
2008-10-14,32.3,33.16,31.2,32.39,527711
2008-10-15,32.58,33.48,32.3,32.6,457818
2008-10-16,32.44,34.48,31.41,33.76,1480775
2008-10-17,34.11,37.16,33.81,34.9,2065865
2008-10-20,35.47,36.22,34.7,35.5,933033
2008-10-21,35.28,35.41,32.6,33.14,2326101
2008-10-22,33.91,34.36,30.68,31.06,1246182
2008-10-23,30.96,32.81,27.88,28.87,1697034
2008-10-24,29.19,29.48,27.44,28.28,1951608
2008-10-27,28.15,28.89,24.19,26.51,846612
2008-10-28,28.15,29.63,27.27,27.6,109403
2008-10-29,27.72,29.29,26.54,28.4,1877045
2008-10-31,28.38,29.96,27.57,28.24,1293741
2008-11-03,28.59,30.93,28.18,30.43,442259
2008-11-04,29.78,32.0,29.65,30.84,555713
2008-11-05,31.41,31.82,29.19,30.2,385292
2008-11-06,29.92,31.33,29.36,29.98,348671
2008-11-07,30.41,32.89,30.41,32.42,763019
2008-11-10,32.59,33.31,30.87,31.63,375632
2008-11-11,32.15,33.16,29.5,29.68,604974
2008-11-12,30.16,32.08,29.81,31.44,772712
2008-11-14,32.3,32.89,31.43,32.39,871109
2008-11-17,32.81,33.39,32.17,33.3,753581
2008-11-18,33.17,34.65,32.49,34.12,1083683
2008-11-19,34.08,34.08,33.42,33.88,520835
2008-11-20,33.19,33.6,31.92,33.01,587750
2008-11-21,33.04,34.0,32.82,33.9,981908
2008-11-24,34.07,36.28,33.51,35.99,831852
2008-11-25,35.82,36.44,34.67,35.16,1127838
2008-11-26,34.96,35.58,34.0,35.28,776694
2008-11-28,34.81,35.41,34.52,35.21,518195
2008-12-01,35.41,36.0,34.1,34.47,952998
2008-12-02,34.09,35.41,34.09,35.09,1176830
2008-12-03,35.26,35.59,34.39,35.27,711767
2008-12-04,35.55,36.14,35.33,35.59,1527578
2008-12-05,36.3,36.3,32.79,33.17,2300558
2008-12-08,34.08,34.34,32.01,33.04,1934339
2008-12-10,32.89,34.37,32.59,33.88,664028
2008-12-11,34.08,34.09,32.59,33.2,790668
2008-12-12,32.89,35.41,32.33,35.06,1698506
2008-12-15,35.11,37.3,34.96,35.9,1202103
2008-12-16,35.56,36.3,34.82,35.38,852405
2008-12-17,35.41,37.19,35.04,36.64,1563617
2008-12-18,37.28,42.0,36.91,40.28,5057234
2008-12-19,40.52,42.13,39.57,40.85,2514045
2008-12-22,40.59,41.21,38.83,40.2,641870
2008-12-23,40.59,41.6,38.67,40.36,1230495
2008-12-24,40.3,42.48,40.0,41.82,2325026
2008-12-26,42.22,43.38,40.01,40.17,1393238
2008-12-29,40.0,41.48,38.96,41.33,714962
2008-12-30,41.19,41.48,39.87,41.33,670380
2008-12-31,41.19,42.81,40.3,40.42,531860
2009-01-01,38.83,40.42,38.83,39.29,860918
2009-01-02,41.21,41.21,39.04,39.38,1229394
2009-01-05,38.75,39.78,38.3,39.16,1268543
2009-01-06,38.81,40.86,38.53,39.67,1974056
2009-01-07,39.72,40.56,38.11,39.25,734945
2009-01-09,39.41,40.52,39.11,39.66,1654035
2009-01-12,39.85,39.92,38.14,38.46,2446835
2009-01-13,38.08,40.67,38.08,40.11,1604099
2009-01-14,40.01,40.74,39.54,39.96,1506306
2009-01-15,40.59,40.74,39.6,40.56,1253832
2009-01-16,40.9,41.9,40.49,41.68,1494740
2009-01-19,41.76,42.81,41.36,42.56,2125818
2009-01-20,42.96,43.9,41.78,43.52,1776275
2009-01-21,42.96,43.84,42.31,42.64,1320276
2009-01-22,42.52,42.94,41.73,42.04,779876
2009-01-23,41.92,42.65,40.08,40.45,2220068
2009-01-27,40.74,41.92,39.65,41.28,981770
2009-01-28,41.33,41.78,39.86,40.08,1634081
2009-01-29,39.46,41.7,39.24,41.07,2642486
2009-01-30,40.59,42.66,40.32,42.35,1192328
2009-02-02,42.22,42.81,41.5,42.59,562268
2009-02-03,42.96,42.96,41.96,42.69,788748
2009-02-04,42.96,43.59,42.11,43.01,1298813
2009-02-05,43.26,43.63,42.84,43.12,978845
2009-02-06,42.96,43.52,42.53,43.32,527078
2009-02-09,43.11,43.85,42.81,43.64,848147
2009-02-10,43.7,44.7,43.44,44.28,791636
2009-02-11,44.28,45.01,43.87,44.54,558318
2009-02-12,44.69,45.33,44.44,44.84,897876
2009-02-13,44.88,45.32,43.75,44.12,792017
2009-02-16,44.44,44.92,42.75,42.94,416097
2009-02-17,42.96,43.33,42.54,42.95,239177
2009-02-18,43.11,45.01,42.54,44.64,1155854
2009-02-19,44.44,44.84,43.9,44.07,318413
2009-02-20,43.68,44.12,43.56,43.9,244011
2009-02-24,44.0,44.21,42.97,43.54,721980
2009-02-25,43.56,44.0,42.16,42.43,763335
2009-02-26,42.3,42.3,40.46,40.95,1460363
2009-02-27,40.74,42.21,39.73,41.45,502013
2009-03-02,42.0,42.07,41.19,41.49,256691
2009-03-03,41.47,42.85,41.47,41.99,484386
2009-03-04,41.78,42.21,41.5,41.79,129612
2009-03-05,42.08,42.08,40.48,40.72,334739
2009-03-06,40.3,41.09,40.2,40.4,330965
2009-03-09,40.44,40.44,37.52,37.88,694041
2009-03-12,38.08,39.17,37.26,37.7,983777
2009-03-13,37.36,37.92,35.45,35.82,1154834
2009-03-16,36.31,39.08,36.31,38.76,1547157
2009-03-17,38.65,39.07,36.77,38.51,1719980
2009-03-18,38.51,38.51,36.45,36.81,1401930
2009-03-19,36.9,37.23,35.88,36.81,444084
2009-03-20,36.3,36.31,34.99,35.28,1531464
2009-03-23,35.3,35.79,35.04,35.37,933096
2009-03-24,35.56,38.0,35.42,37.36,1349003
2009-03-25,37.19,38.07,36.92,37.24,485951
2009-03-26,37.19,38.5,37.09,38.1,862931
2009-03-27,37.87,39.44,37.87,38.49,987231
2009-03-30,38.52,39.97,38.52,39.1,394337
2009-03-31,39.7,40.15,38.56,39.89,1554608
2009-04-01,39.77,40.43,38.89,39.08,295187
2009-04-02,39.97,40.41,39.12,40.1,362390
2009-04-06,39.86,40.42,37.55,38.49,1569162
2009-04-08,38.08,39.88,38.08,38.85,1631060
2009-04-09,38.94,40.15,38.3,38.85,1141001
2009-04-13,38.39,39.11,37.22,37.55,1436021
2009-04-15,37.78,38.64,37.19,37.41,1318376
2009-04-16,37.48,40.12,37.26,39.06,1898855
2009-04-17,39.56,40.39,39.12,39.58,618717
2009-04-20,39.58,40.72,39.14,39.67,1078238
2009-04-21,39.99,40.74,39.58,39.81,433508
2009-04-22,39.71,40.3,38.82,39.54,483320
2009-04-23,39.57,39.69,38.61,39.49,1008515
2009-04-24,39.54,39.82,39.13,39.41,701696
2009-04-27,39.39,39.7,38.89,39.3,944117
2009-04-28,39.7,40.28,39.39,39.76,484136
2009-04-29,39.81,41.6,39.68,40.81,1342551
2009-05-04,40.74,41.47,39.74,40.15,499164
2009-05-05,39.85,40.58,38.38,38.72,908340
2009-05-06,36.48,39.01,36.48,38.22,1296776
2009-05-07,38.52,38.52,37.26,37.46,1011101
2009-05-08,37.04,37.68,36.01,36.42,1072241
2009-05-11,36.42,37.16,35.95,36.76,348962
2009-05-12,37.04,38.3,36.96,38.06,716552
2009-05-13,37.92,39.48,37.63,39.21,630227
2009-05-14,39.34,40.0,38.67,39.01,440357
2009-05-15,39.12,39.12,37.67,38.52,867491
2009-05-18,41.48,46.08,41.48,45.33,26549
2009-05-19,47.85,52.56,40.59,41.61,1875548
2009-05-20,41.48,42.96,40.9,41.84,972383
2009-05-21,42.06,48.88,42.06,47.73,5105190
2009-05-22,48.1,48.13,44.69,47.56,2965955
2009-05-25,47.94,50.43,47.7,50.21,3695664
2009-05-26,51.42,52.44,48.48,49.47,1737537
2009-05-27,50.67,50.67,49.49,49.97,1191512
2009-05-28,49.97,50.29,48.62,49.61,852102
2009-05-29,49.48,58.96,49.19,53.77,6897042
2009-06-01,54.08,56.81,52.96,53.43,1918728
2009-06-02,54.8,56.26,49.67,51.62,4200455
2009-06-03,52.59,53.19,50.54,51.22,2157737
2009-06-04,51.78,52.44,49.64,50.04,2527986
2009-06-05,51.68,54.03,49.79,51.7,4691747
2009-06-08,52.99,53.41,47.2,48.88,3333851
2009-06-09,47.56,48.44,44.72,47.78,2084651
2009-06-10,48.59,49.33,46.9,47.44,2825903
2009-06-11,47.63,48.0,44.74,45.41,2075787
2009-06-12,45.63,46.99,44.74,44.98,1640148
2009-06-15,44.59,46.96,44.59,46.56,1881936
2009-06-16,46.43,47.85,45.92,47.48,1764512
2009-06-17,47.7,47.85,44.61,45.08,1199912
2009-06-18,44.73,45.63,43.06,43.64,1285193
2009-06-19,44.15,45.17,43.54,44.67,1675382
2009-06-22,45.06,45.88,44.01,45.21,1298757
2009-06-23,45.02,45.92,44.74,45.59,1637537
2009-06-24,45.92,45.92,44.82,45.27,712701
2009-06-25,45.31,45.46,43.41,43.73,1811303
2009-06-26,44.44,45.01,44.0,44.82,470136
2009-06-29,45.92,46.06,44.52,44.97,2879129
2009-06-30,45.04,45.46,44.01,44.3,1896617
2009-07-01,44.52,46.81,43.9,46.12,1497948
2009-07-02,46.8,48.44,46.12,47.4,3643064
2009-07-03,47.41,49.3,47.41,49.07,1778556
2009-07-06,49.21,49.78,46.39,47.07,1659476
2009-07-07,47.47,48.13,46.56,46.88,776220
2009-07-08,46.67,49.56,46.67,48.23,1611857
2009-07-09,48.44,50.18,48.44,49.47,1506023
2009-07-10,50.01,50.36,47.19,47.64,1034598
2009-07-13,47.41,48.28,46.08,46.95,829424
2009-07-14,47.19,48.36,46.95,47.79,471260
2009-07-15,47.79,49.04,47.26,48.14,617399
2009-07-16,48.59,49.01,47.42,47.71,380774
2009-07-17,47.7,48.89,47.11,48.06,731616
2009-07-20,48.32,48.32,47.22,48.01,614918
2009-07-21,47.96,48.21,47.3,47.74,229865
2009-07-22,47.97,48.21,47.04,47.56,341693
2009-07-23,47.56,48.22,47.24,47.95,526517
2009-07-24,48.15,48.91,47.79,48.53,387503
2009-07-27,49.02,49.02,47.18,47.82,534677
2009-07-28,48.39,49.03,48.01,48.77,422394
2009-07-29,48.88,50.03,47.27,49.3,822207
2009-07-30,50.11,54.08,49.56,53.24,3432755
2009-07-31,53.19,53.19,51.3,51.74,766490
2009-08-03,51.26,52.14,49.81,51.49,461456
2009-08-04,50.39,55.52,50.08,53.11,2174121
2009-08-05,53.04,54.72,53.04,53.89,1727640
2009-08-06,53.96,56.74,52.89,53.88,2458496
2009-08-07,52.92,56.0,51.85,54.72,997895
2009-08-10,54.51,56.65,50.99,51.49,865118
2009-08-11,51.48,52.81,51.46,51.92,483588
2009-08-12,51.92,54.12,51.37,52.32,876741
2009-08-13,52.06,52.8,51.0,52.46,783915
2009-08-14,53.02,54.81,52.15,54.34,1338000
2009-08-17,54.1,55.52,52.24,53.06,827855
2009-08-18,53.33,55.11,52.76,54.79,756350
2009-08-19,54.08,54.65,52.59,54.03,876111
2009-08-20,54.52,54.81,52.93,54.08,505097
2009-08-21,53.22,54.79,53.22,54.4,229475
2009-08-24,54.08,54.36,52.19,52.42,920277
2009-08-25,52.58,52.94,50.85,51.7,1723727
2009-08-26,52.0,52.92,51.15,51.56,1109598
2009-08-27,51.56,52.13,50.37,50.72,1150074
2009-08-28,50.38,51.77,50.27,50.65,792956
2009-08-31,50.36,52.88,49.79,52.48,1135190
2009-09-01,52.88,54.75,52.64,53.61,1566546
2009-09-02,53.78,58.27,53.33,57.05,4247159
2009-09-03,57.21,59.48,56.92,57.41,3182520
2009-09-04,57.63,58.37,56.91,57.35,1318064
2009-09-07,58.52,62.15,58.52,61.74,2994903
2009-09-08,62.21,63.1,59.85,61.96,1974054
2009-09-09,60.74,61.33,59.26,60.04,1289321
2009-09-10,57.92,61.85,57.92,60.93,1583021
2009-09-11,60.59,61.21,56.52,57.77,2158625
2009-09-14,58.5,59.88,58.1,58.44,1258077
2009-09-15,58.52,60.28,58.52,59.97,1060395
2009-09-16,60.74,61.32,58.9,59.24,721865
2009-09-17,59.92,62.67,55.75,56.22,2049654
2009-09-18,56.15,57.02,55.19,56.41,1416251
2009-09-22,59.23,59.23,56.77,58.18,1030404
2009-09-23,58.22,59.24,57.09,57.7,885236
2009-09-24,58.3,60.3,58.04,58.87,1625214
2009-09-25,59.7,60.89,59.44,59.77,655883
2009-09-29,59.7,60.59,58.28,59.0,526628
2009-09-30,59.11,60.18,58.08,59.54,898209
2009-10-01,58.97,58.97,56.94,57.36,1235757
2009-10-05,57.33,58.07,56.57,57.55,561342
2009-10-06,57.91,57.91,56.35,57.11,606330
2009-10-07,57.04,58.37,56.47,57.32,617670
2009-10-08,57.78,60.89,57.78,58.51,1202705
2009-10-09,58.08,59.06,57.7,57.9,394215
2009-10-12,57.78,58.22,57.07,57.84,237563
2009-10-14,57.41,57.41,55.3,56.12,1427258
2009-10-15,55.41,56.3,54.37,54.88,1696430
2009-10-16,54.26,54.48,53.05,53.49,1231964
2009-10-17,53.79,54.36,53.49,54.14,100565
2009-10-20,53.34,55.54,52.44,55.22,1097078
2009-10-21,56.27,56.27,53.34,53.46,985961
2009-10-22,53.46,54.08,52.38,53.04,1043093
2009-10-23,52.89,54.29,52.04,52.42,574988
2009-10-26,52.59,54.04,50.38,50.84,879008
2009-10-27,50.81,52.07,50.52,51.5,803090
2009-10-28,51.78,52.3,50.12,50.39,502376
2009-10-29,49.92,52.43,49.63,51.48,1950834
2009-10-30,52.3,52.3,50.24,51.5,607595
2009-11-03,51.85,52.71,49.65,50.35,362444
2009-11-04,50.52,51.26,50.26,50.82,221048
2009-11-05,50.71,51.84,50.37,51.56,304535
2009-11-06,51.7,52.59,51.54,52.28,451992
2009-11-09,52.37,53.14,51.44,52.11,438977
2009-11-10,52.59,53.56,51.93,52.81,667662
2009-11-11,53.3,53.44,52.1,52.5,710795
2009-11-12,52.68,52.84,51.04,51.54,544739
2009-11-13,51.87,52.89,51.7,52.16,642021
2009-11-16,52.15,52.59,51.3,51.51,503366
2009-11-17,51.67,52.15,50.87,51.37,688736
2009-11-18,51.11,51.68,49.7,50.16,681945
2009-11-19,51.56,51.56,49.34,49.75,505308
2009-11-20,50.08,51.2,49.44,50.64,565809
2009-11-23,50.67,51.84,50.36,51.66,513710
2009-11-24,51.83,52.36,51.11,51.56,460889
2009-11-25,52.04,53.92,52.02,53.19,925928
2009-11-26,52.86,53.7,51.68,52.18,1079993
2009-11-27,52.11,53.73,51.19,52.39,1478802
2009-11-30,53.33,53.33,51.88,52.15,597993
2009-12-01,52.74,53.91,51.64,53.48,1246038
2009-12-02,53.72,54.61,53.19,53.5,950886
2009-12-03,53.81,54.55,53.08,53.79,944738
2009-12-04,54.07,56.86,53.96,56.35,2218592
2009-12-07,56.33,57.69,56.3,57.2,1085751
2009-12-08,57.19,60.36,57.19,59.66,2629112
2009-12-09,59.57,61.3,59.16,59.62,2255253
2009-12-10,60.3,61.19,59.91,60.53,946277
2009-12-11,61.19,61.19,58.24,58.84,1601090
2009-12-14,59.72,60.3,58.42,58.7,1229898
2009-12-15,58.41,59.35,57.05,57.28,715686
2009-12-16,57.47,57.87,55.92,56.39,940200
2009-12-17,56.25,56.25,55.23,55.74,506046
2009-12-18,55.7,56.58,55.56,56.1,529343
2009-12-21,57.04,57.18,55.05,56.28,338991
2009-12-22,56.89,58.39,55.86,57.31,663569
2009-12-23,57.44,58.64,57.19,57.92,707850
2009-12-24,58.52,59.22,57.72,57.97,593589
2009-12-29,58.22,58.5,57.08,57.35,489780
2009-12-30,57.48,57.91,56.68,57.43,601232
2009-12-31,57.43,58.28,56.99,57.82,864014
2010-01-04,58.3,60.3,57.85,59.22,866765
2010-01-05,59.11,59.76,58.59,59.26,692724
2010-01-06,58.81,59.66,56.89,57.76,1234808
2010-01-07,57.87,58.08,57.12,57.64,865098
2010-01-08,58.08,59.85,57.67,58.32,834272
2010-01-11,58.5,59.56,57.38,57.79,691922
2010-01-12,58.22,58.48,56.5,56.65,956510
2010-01-13,56.93,58.08,56.59,57.25,772616
2010-01-14,57.76,58.7,57.52,58.04,742013
2010-01-15,58.04,58.67,57.07,57.25,420197
2010-01-18,57.76,58.3,57.05,57.36,297210
2010-01-19,57.33,58.59,55.44,55.73,1030973
2010-01-20,56.06,56.13,53.33,53.7,2268473
2010-01-21,53.41,54.19,51.72,52.01,1045247
2010-01-22,52.0,52.43,50.26,52.09,1317602
2010-01-25,52.46,52.46,51.27,52.07,417479
2010-01-27,51.85,52.25,50.4,51.05,945494
2010-01-28,51.85,52.19,49.36,49.92,1882223
2010-01-29,50.03,50.37,48.03,49.44,2617670
2010-02-01,49.92,52.27,49.52,51.76,1327737
2010-02-02,52.59,53.04,50.85,52.13,887939
2010-02-03,52.56,53.33,51.56,52.76,789713
2010-02-04,54.03,54.63,52.04,52.3,1589804
2010-02-05,51.86,52.5,49.66,50.33,1146215
2010-02-06,50.21,52.28,50.21,51.66,103736
2010-02-08,52.44,52.72,50.22,50.85,762923
2010-02-09,50.96,51.74,50.55,50.86,535013
2010-02-10,51.15,52.52,50.83,51.68,1315286
2010-02-11,51.9,52.3,51.13,51.64,491730
2010-02-15,51.11,51.11,49.92,50.16,397778
2010-02-16,50.3,51.2,50.0,50.97,204641
2010-02-17,51.26,51.85,50.64,51.27,364220
2010-02-18,51.84,53.29,50.54,51.72,2544173
2010-02-19,51.37,53.16,51.12,52.64,1798241
2010-02-22,53.04,54.25,52.04,53.81,1283972
2010-02-23,53.78,55.03,52.81,53.1,1325037
2010-02-24,53.1,54.04,52.93,53.77,466886
2010-02-25,53.33,54.07,52.16,52.48,1374870
2010-02-26,52.59,54.32,50.81,51.39,2551226
2010-03-02,51.81,51.81,49.81,50.16,971378
2010-03-03,50.44,51.36,50.39,50.64,858509
2010-03-04,50.64,50.74,49.93,50.33,997952
2010-03-05,50.72,51.07,50.09,50.46,566073
2010-03-08,51.11,51.17,50.41,51.01,411699
2010-03-09,51.11,51.26,50.41,50.7,718934
2010-03-10,50.74,50.99,50.02,50.24,353306
2010-03-11,50.53,50.53,48.17,49.08,1487289
2010-03-12,49.08,49.33,48.63,49.18,617351
2010-03-15,49.19,49.52,48.41,48.61,220268
2010-03-16,49.14,49.66,48.67,49.49,661653
2010-03-17,49.63,49.76,48.75,49.08,503558
2010-03-18,48.69,49.01,47.51,47.9,844521
2010-03-19,48.15,48.32,47.32,47.61,768594
2010-03-22,46.67,47.94,46.67,47.05,994757
2010-03-23,47.07,47.52,46.29,46.44,772251
2010-03-25,46.44,46.81,45.24,45.65,1987109
2010-03-26,46.21,46.37,45.56,45.94,1685397
2010-03-29,46.81,47.78,45.58,47.47,1177283
2010-03-30,47.47,47.85,46.87,46.95,316296
2010-03-31,46.96,47.33,46.45,47.19,338501
2010-04-01,47.33,47.48,46.69,46.81,130406
2010-04-05,46.67,47.11,45.64,45.89,357680
2010-04-06,45.78,46.5,45.48,45.63,1168115
2010-04-07,45.78,46.15,45.33,45.81,345651
2010-04-08,46.09,46.72,46.01,46.24,477135
2010-04-09,46.52,46.52,45.64,45.74,642867
2010-04-12,45.92,46.0,45.24,45.36,175136
2010-04-13,45.69,46.08,45.38,45.64,350028
2010-04-15,45.9,45.92,45.04,45.13,557226
2010-04-16,45.18,45.48,44.6,44.9,332624
2010-04-19,44.89,45.62,44.34,44.55,564753
2010-04-20,44.86,45.48,44.31,44.49,317003
2010-04-21,44.74,44.74,44.15,44.26,485792
2010-04-22,44.61,44.81,44.15,44.57,295190
2010-04-23,44.74,45.39,44.46,44.98,600035
2010-04-26,45.11,45.19,44.46,44.6,122237
2010-04-27,44.8,45.45,44.76,44.95,177917
2010-04-28,44.45,45.44,44.45,44.75,228080
2010-04-29,44.89,45.01,43.26,43.68,1001336
2010-04-30,44.0,47.24,43.89,46.72,1899870
2010-05-03,46.37,48.52,46.37,47.78,1015364
2010-05-04,48.72,49.04,47.5,48.46,1263254
2010-05-05,47.39,49.63,47.39,48.72,667424
2010-05-06,49.19,50.04,48.46,49.31,1175364
2010-05-07,49.19,50.65,48.04,49.67,1311440
2010-05-10,50.08,50.37,48.26,48.8,772872
2010-05-11,48.95,49.64,48.08,48.56,1229054
2010-05-12,48.89,49.41,47.78,49.07,1053368
2010-05-13,49.11,49.41,48.39,48.68,554973
2010-05-14,49.33,49.92,48.78,49.24,861647
2010-05-17,48.79,50.08,48.79,49.78,1242563
2010-05-18,50.04,50.04,49.37,49.78,499226
2010-05-19,49.63,50.34,49.44,49.88,607805
2010-05-20,50.08,52.65,49.76,51.41,2027343
2010-05-21,49.23,52.59,49.23,51.44,1466510
2010-05-24,51.81,52.08,50.59,50.81,564729
2010-05-25,51.42,51.61,49.52,49.82,797855
2010-05-26,50.62,50.96,49.88,50.23,463388
2010-05-27,50.52,52.44,49.48,52.05,1851320
2010-05-28,52.24,53.67,51.28,53.1,1125080
2010-05-31,53.19,54.86,53.19,53.88,1022295
2010-06-01,53.94,55.04,53.36,53.7,1096442
2010-06-02,54.3,54.52,53.78,54.12,984392
2010-06-03,54.52,54.67,53.78,53.87,1088459
2010-06-04,54.08,55.11,53.22,54.41,2845176
2010-06-07,54.08,55.0,51.76,52.83,2024132
2010-06-08,52.43,54.37,50.89,51.67,1044794
2010-06-09,52.76,54.32,52.17,52.51,982088
2010-06-10,52.88,53.41,51.7,52.48,463109
2010-06-11,52.44,53.27,51.11,51.39,1150391
2010-06-14,51.84,53.84,51.58,53.58,1106045
2010-06-15,52.63,54.08,49.9,50.12,1445895
2010-06-16,49.92,51.01,49.23,50.61,1156614
2010-06-17,51.11,51.43,50.55,50.96,393828
2010-06-18,50.96,51.39,49.86,50.4,417603
2010-06-21,50.72,50.88,49.92,50.76,297588
2010-06-22,50.67,54.18,50.67,52.52,1929882
2010-06-23,53.33,53.76,52.89,53.19,1451831
2010-06-24,53.64,53.82,51.7,52.08,1700904
2010-06-25,52.74,60.89,51.35,59.59,16533872
2010-06-28,60.77,65.0,58.71,64.15,16562699
2010-06-29,63.42,65.48,62.9,64.59,8006654
2010-06-30,64.3,70.96,63.89,69.56,17811704
2010-07-01,69.33,71.81,68.65,69.61,14426405
2010-07-02,70.22,71.26,69.84,70.4,6728042
2010-07-05,70.81,70.81,68.38,69.1,2126198
2010-07-06,69.48,69.84,67.96,68.43,3062714
2010-07-07,68.36,68.84,67.68,68.23,2033262
2010-07-08,68.45,71.23,68.4,70.7,5203958
2010-07-09,71.11,73.41,71.11,72.4,4774622
2010-07-12,72.59,73.09,70.23,70.61,2900964
2010-07-13,70.52,72.37,70.24,71.44,2455586
2010-07-14,71.84,72.12,69.96,70.24,3806063
2010-07-15,69.66,70.52,65.43,66.01,6931830
2010-07-16,65.92,67.39,64.76,66.41,4698536
2010-07-19,66.36,67.52,65.68,66.43,1420658
2010-07-20,66.67,67.24,64.25,64.71,2666052
2010-07-21,64.89,66.04,63.99,65.29,3144849
2010-07-22,65.19,65.98,64.91,65.28,1958078
2010-07-23,65.51,65.97,63.88,64.67,2741168
2010-07-26,64.48,65.16,63.04,63.82,2553594
2010-07-27,64.0,65.19,63.7,64.17,1474809
2010-07-28,64.89,65.92,64.36,65.14,2499197
2010-07-29,65.33,65.56,63.85,64.12,3611399
2010-07-30,63.56,65.11,63.42,64.21,2330585
2010-08-02,64.37,64.91,64.1,64.51,660908
2010-08-03,64.89,65.9,64.52,65.48,1393757
2010-08-04,65.91,68.15,64.47,64.87,771372
2010-08-05,64.87,66.5,64.32,65.54,1373868
2010-08-06,66.22,66.84,65.38,65.79,2178489
2010-08-09,66.08,66.5,65.51,66.08,920570
2010-08-10,65.88,67.19,65.67,66.94,1374294
2010-08-11,67.14,69.75,66.97,68.99,3657071
2010-08-12,69.23,73.24,68.74,72.37,6598626
2010-08-13,72.76,75.08,71.58,71.9,2549757
2010-08-16,72.37,73.44,70.41,71.38,1133462
2010-08-17,71.65,74.44,71.65,73.58,2861183
2010-08-18,74.96,75.67,74.14,75.08,2726375
2010-08-19,75.26,75.26,73.56,74.31,875295
2010-08-20,74.31,76.17,73.94,75.6,2664026
2010-08-23,76.21,80.78,75.78,79.67,7168803
2010-08-24,80.15,81.4,76.67,77.03,4539603
2010-08-25,76.89,78.29,75.85,76.6,2725115
2010-08-26,77.33,78.18,76.56,77.84,2453621
2010-08-27,78.07,80.92,77.54,78.78,3944708
2010-08-30,79.85,80.48,78.38,79.03,2317362
2010-08-31,78.89,79.61,76.78,77.9,2297225
2010-09-01,77.97,79.97,77.97,79.17,1799909
2010-09-02,79.71,79.98,78.08,78.47,1308435
2010-09-03,77.18,77.51,75.56,75.7,2506019
2010-09-06,78.34,78.52,75.35,76.91,2265159
2010-09-07,76.89,77.63,76.05,76.34,895310
2010-09-08,76.29,78.89,75.67,78.18,3413433
2010-09-09,78.81,79.24,77.76,78.16,1470377
2010-09-13,78.22,78.81,77.46,78.39,1171061
2010-09-14,77.92,81.89,77.87,80.87,4320008
2010-09-15,81.82,82.22,80.12,80.56,2523908
2010-09-16,80.74,82.32,78.1,79.07,2223564
2010-09-17,79.7,80.13,78.22,78.86,1863644
2010-09-20,79.04,81.15,78.6,80.63,1999295
2010-09-21,82.22,82.22,79.6,80.01,1937882
2010-09-22,80.15,80.97,78.92,80.03,1382207
2010-09-23,79.7,80.92,79.41,80.06,1553391
2010-09-24,80.15,81.04,79.64,80.36,1042391
2010-09-27,80.72,81.12,79.96,80.2,900411
2010-09-28,80.29,80.67,79.29,79.6,537890
2010-09-29,79.66,79.69,76.45,77.03,1476086
2010-09-30,77.18,77.18,74.86,75.13,3530099
2010-10-01,60.58,76.8,60.58,76.18,751908
2010-10-04,76.56,77.09,74.54,76.7,1274634
2010-10-05,77.04,78.22,76.89,77.43,1127768
2010-10-06,77.81,78.06,76.29,76.52,1463961
2010-10-07,76.52,77.98,75.64,76.2,1758188
2010-10-08,76.74,77.18,75.35,75.84,673661
2010-10-11,76.29,76.54,75.47,75.72,1140906
2010-10-12,76.06,76.56,75.47,76.09,626579
2010-10-13,76.65,77.32,75.85,76.72,1333403
2010-10-14,77.18,77.18,73.34,73.78,1777310
2010-10-15,74.08,75.04,71.93,72.35,2416884
2010-10-18,73.78,74.04,72.31,73.02,1654775
2010-10-19,73.32,74.44,72.52,73.16,697700
2010-10-20,73.04,74.19,72.35,72.74,1922958
2010-10-21,73.24,74.04,72.87,73.58,1225760
2010-10-22,73.75,74.72,73.28,74.08,619346
2010-10-25,74.3,74.74,73.64,74.24,567396
2010-10-26,74.21,74.44,72.74,72.88,714473
2010-10-27,72.61,73.41,71.78,72.08,570300
2010-10-28,72.0,74.3,71.85,72.16,2929685
2010-10-29,72.59,73.64,71.26,72.19,758051
2010-11-01,73.33,73.99,72.52,73.41,950492
2010-11-02,73.84,74.78,73.19,73.81,984921
2010-11-03,74.22,74.47,72.46,72.68,743798
2010-11-04,74.22,74.22,71.59,71.76,944709
2010-11-05,72.3,72.3,71.73,72.07,60146
2010-11-08,71.92,72.08,68.9,69.35,1474007
2010-11-09,69.87,70.0,68.97,69.45,660320
2010-11-10,69.28,71.08,69.28,70.14,747293
2010-11-11,70.52,71.23,66.98,67.33,1720940
2010-11-12,68.88,68.88,66.15,67.04,1189134
2010-11-15,68.84,68.98,67.44,68.75,1237574
2010-11-16,69.61,69.61,66.04,68.28,812814
2010-11-18,68.52,69.84,66.9,69.04,1372971
2010-11-19,69.48,69.51,65.26,65.79,539291
2010-11-22,66.08,66.75,64.15,66.36,902291
2010-11-23,65.85,67.19,63.56,65.7,1139795
2010-11-24,67.7,67.7,63.7,64.25,295263
2010-11-25,64.6,64.71,60.04,60.87,2374925
2010-11-26,60.96,63.23,57.79,61.12,1083752
2010-11-29,61.48,61.62,59.5,60.62,484494
2010-11-30,60.15,62.08,59.41,61.12,832124
2010-12-01,61.36,64.55,61.21,63.92,1488114
2010-12-02,64.44,64.76,62.75,62.89,442232
2010-12-03,63.04,63.55,61.05,61.44,445626
2010-12-06,61.76,63.01,60.11,60.39,975221
2010-12-07,60.59,60.74,58.49,58.77,999744
2010-12-08,59.11,61.63,58.96,60.77,1847900
2010-12-09,61.48,62.37,55.64,58.5,1961726
2010-12-10,58.76,60.06,56.96,59.57,1197237
2010-12-13,60.0,60.15,57.79,58.7,1050317
2010-12-14,59.56,60.31,58.98,59.39,1638245
2010-12-15,61.04,63.04,60.33,61.84,2900309
2010-12-16,62.52,62.52,60.96,62.31,799907
2010-12-20,61.78,62.22,61.05,61.81,751496
2010-12-21,61.88,61.92,60.9,61.26,270557
2010-12-22,61.33,62.65,60.89,61.81,584240
2010-12-23,61.96,62.28,60.19,60.44,626486
2010-12-24,60.21,60.22,59.01,59.24,696596
2010-12-27,59.3,59.92,58.24,59.11,1089492
2010-12-28,59.59,59.59,58.08,58.22,550667
2010-12-29,58.52,59.38,58.52,58.84,474857
2010-12-30,58.52,58.74,57.19,57.5,2428334
2010-12-31,57.78,58.34,57.52,58.02,455949
2011-01-03,58.15,59.32,57.96,58.69,955670
2011-01-04,58.7,58.89,58.0,58.1,1055831
2011-01-05,58.46,59.07,57.72,58.0,1159103
2011-01-06,58.0,58.21,57.21,57.39,1289270
2011-01-07,57.63,58.37,57.04,57.79,1395302
2011-01-10,57.92,57.92,56.08,56.3,479852
2011-01-11,55.85,57.16,55.29,56.43,613295
2011-01-12,56.3,56.9,55.42,56.6,539643
2011-01-13,56.63,56.63,53.26,53.71,824486
2011-01-14,53.78,54.74,52.61,53.32,544733
2011-01-17,54.98,59.7,52.84,53.1,676251
2011-01-18,53.19,53.92,52.33,53.09,234773
2011-01-19,53.33,54.12,52.76,53.27,275907
2011-01-20,52.63,53.1,51.52,52.16,484856
2011-01-21,51.86,54.52,51.69,54.36,1407119
2011-01-24,54.52,55.17,54.01,54.78,809741
2011-01-25,55.12,57.11,55.04,56.1,1803440
2011-01-27,56.59,56.79,53.2,53.59,3108680
2011-01-28,53.68,54.49,52.12,54.1,858905
2011-01-31,53.5,53.92,51.87,53.2,1194764
2011-02-01,53.04,53.04,50.68,51.19,561065
2011-02-02,51.36,52.28,49.82,50.56,1286579
2011-02-03,50.44,50.98,49.48,50.5,612341
2011-02-04,50.52,51.76,49.96,50.48,497390
2011-02-07,50.81,51.7,49.92,51.49,626885
2011-02-08,52.15,52.56,50.98,51.44,626195
2011-02-09,51.01,52.05,49.35,50.04,907770
2011-02-10,50.24,50.96,49.8,50.44,673124
2011-02-11,50.54,50.95,48.24,50.58,689147
2011-02-14,50.39,52.72,50.39,52.16,782439
2011-02-15,52.64,53.9,51.72,52.28,1006436
2011-02-16,52.75,53.48,52.46,52.76,472958
2011-02-17,52.76,53.32,51.85,52.68,580733
2011-02-18,52.74,53.1,50.47,50.61,347219
2011-02-21,50.52,50.52,49.23,49.92,451757
2011-02-22,48.89,49.19,47.41,47.69,866921
2011-02-23,47.11,48.0,46.65,47.35,583868
2011-02-24,47.04,47.05,45.01,45.76,3248411
2011-02-25,46.64,47.62,45.57,46.28,603899
2011-02-28,46.49,48.56,46.49,47.45,1398857
2011-03-01,48.59,48.96,47.75,48.62,1718498
2011-03-03,48.15,49.75,46.99,47.92,1887050
2011-03-04,48.7,49.63,47.85,48.81,1383755
2011-03-07,46.39,47.83,46.39,47.21,640124
2011-03-08,47.55,48.28,47.16,47.96,713435
2011-03-09,48.29,48.65,45.67,47.36,1531383
2011-03-10,46.67,47.11,46.52,46.72,718770
2011-03-11,46.81,47.85,46.31,47.57,539336
2011-03-14,48.12,49.99,48.08,49.69,696827
2011-03-15,49.84,50.59,47.92,49.5,1371083
2011-03-16,50.22,51.48,49.69,50.04,1257473
2011-03-17,49.33,50.59,49.33,50.03,453965
2011-03-18,49.62,49.7,48.4,49.22,784298
2011-03-21,48.76,50.74,48.61,50.45,864689
2011-03-22,50.47,50.47,49.42,50.17,202271
2011-03-23,49.71,50.04,49.23,49.54,519183
2011-03-24,49.64,49.91,49.02,49.56,407627
2011-03-25,49.65,50.83,49.5,50.42,497040
2011-03-28,50.41,50.52,49.81,50.12,497720
2011-03-29,50.36,51.38,50.16,51.21,532947
2011-03-30,51.71,53.33,51.36,53.1,860943
2011-03-31,53.2,54.08,51.67,52.82,1125668
2011-04-01,52.23,52.43,51.41,52.2,245828
2011-04-04,51.79,52.53,51.61,51.99,311978
2011-04-05,52.01,52.19,51.04,51.78,629712
2011-04-06,52.0,53.63,51.85,52.34,732044
2011-04-07,52.45,54.92,52.44,54.33,1331001
2011-04-08,53.9,53.92,52.1,52.4,495899
2011-04-11,51.7,52.0,50.7,51.16,523935
2011-04-13,51.79,53.63,51.78,53.35,1120439
2011-04-15,52.96,54.19,52.78,53.57,346215
2011-04-18,53.36,54.31,53.36,53.55,562211
2011-04-19,53.63,55.58,53.63,55.28,457271
2011-04-20,55.56,56.65,55.04,56.16,976643
2011-04-21,55.7,56.15,55.16,55.48,508388
2011-04-25,55.1,55.99,55.1,55.37,194822
2011-04-26,55.63,56.95,54.67,54.96,1047563
2011-04-27,55.18,56.1,54.92,55.57,891323
2011-04-28,56.14,56.44,55.0,55.53,1229426
2011-04-29,56.24,56.24,54.68,55.21,423948
2011-05-02,55.12,57.55,54.79,57.08,1191890
2011-05-03,57.22,58.09,56.08,56.48,1300307
2011-05-04,56.74,58.59,56.39,57.68,1573277
2011-05-05,57.78,58.69,57.19,57.79,834932
2011-05-06,58.52,60.92,58.15,59.33,2118371
2011-05-09,61.48,61.48,57.0,57.48,705392
2011-05-10,57.63,59.08,56.16,57.36,1370330
2011-05-11,57.03,57.96,56.19,57.39,1005941
2011-05-12,57.33,58.59,57.2,57.46,746031
2011-05-13,57.78,58.52,56.41,56.96,844235
2011-05-16,59.56,60.14,55.57,56.56,1874528
2011-05-17,56.9,57.12,55.01,55.48,546426
2011-05-18,55.69,55.84,52.75,53.04,730580
2011-05-19,53.32,53.99,52.65,52.88,380045
2011-05-20,53.33,53.78,52.64,53.52,401640
2011-05-23,53.63,54.5,52.08,54.24,616473
2011-05-24,53.99,54.48,53.21,53.5,476822
2011-05-25,53.37,53.37,52.04,52.24,301986
2011-05-26,52.14,53.15,51.34,52.63,1077863
2011-05-27,53.04,55.52,52.74,55.31,1370924
2011-05-30,55.61,56.26,55.01,55.61,404604
2011-05-31,55.63,56.59,55.63,56.37,281781
2011-06-01,56.17,56.96,55.88,56.71,499688
2011-06-02,56.76,57.76,56.23,57.19,581621
2011-06-03,56.59,57.42,55.81,56.0,176996
2011-06-06,55.87,55.99,54.3,54.9,346931
2011-06-07,55.11,56.18,54.81,55.84,307331
2011-06-08,55.78,56.61,55.33,56.36,261647
2011-06-09,56.18,56.18,54.81,55.01,452645
2011-06-10,54.91,54.91,54.08,54.21,185363
2011-06-13,54.64,55.36,54.26,54.99,258534
2011-06-14,55.41,56.15,54.67,54.96,424037
2011-06-15,54.81,55.9,54.68,55.44,1270724
2011-06-16,55.7,55.98,54.96,55.22,434654
2011-06-17,55.24,57.19,55.1,56.65,553283
2011-06-20,56.89,57.04,53.38,55.41,684822
2011-06-21,55.16,55.7,54.6,54.9,270335
2011-06-22,54.98,55.51,54.14,54.67,201036
2011-06-23,54.83,57.28,54.11,54.8,1195047
2011-06-24,56.07,58.96,55.7,58.16,3365717
2011-06-27,60.0,62.12,59.41,61.54,4669346
2011-06-28,61.84,62.32,60.22,60.44,1040934
2011-06-29,59.91,60.72,57.95,59.48,1937831
2011-06-30,59.29,59.39,57.7,58.89,1968713
2011-07-01,59.71,59.71,57.78,58.04,511344
2011-07-04,58.37,59.01,57.54,58.33,635049
2011-07-05,58.12,59.91,57.85,59.63,1165061
2011-07-06,59.56,59.78,58.15,59.24,832130
2011-07-07,58.67,59.67,58.64,59.3,800198
2011-07-08,58.96,71.16,57.38,58.16,833771
2011-07-11,58.14,59.3,57.94,58.84,726038
2011-07-12,58.79,59.7,58.67,59.24,1235594
2011-07-13,59.41,60.12,59.12,59.52,940856
2011-07-14,58.97,59.39,58.67,58.92,596408
2011-07-15,59.26,60.3,59.15,59.85,486491
2011-07-18,59.68,60.81,59.41,60.56,594446
2011-07-19,60.62,61.16,59.91,60.17,557609
2011-07-20,60.22,60.26,59.12,59.36,431315
2011-07-21,59.12,59.56,58.68,58.94,197735
2011-07-22,58.83,59.84,58.67,59.26,616688
2011-07-25,59.26,59.84,59.11,59.25,962175
2011-07-26,59.4,59.44,56.78,57.27,585905
2011-07-27,57.64,57.9,56.78,57.42,657314
2011-07-28,58.07,58.07,55.85,56.16,1103364
2011-07-29,56.08,57.19,56.03,56.85,596652
2011-08-01,57.02,57.35,54.83,55.51,359195
2011-08-02,55.7,55.99,55.11,55.39,497922
2011-08-03,55.27,56.27,54.96,55.89,762371
2011-08-04,56.89,58.57,56.22,58.12,1360559
2011-08-05,58.39,60.69,57.62,59.92,3063558
2011-08-08,60.15,61.33,59.27,59.52,2360732
2011-08-09,59.9,61.19,58.17,58.65,1655907
2011-08-10,59.1,59.1,57.67,58.46,707157
2011-08-11,58.49,59.0,57.48,58.05,419309
2011-08-12,58.31,58.31,56.4,56.88,355746
2011-08-16,56.61,57.3,54.7,55.96,558524
2011-08-17,56.01,56.49,55.5,56.19,663713
2011-08-18,56.31,56.66,55.44,56.19,605118
2011-08-19,56.15,57.59,56.15,57.04,737126
2011-08-22,57.19,57.41,56.32,56.54,780329
2011-08-23,56.61,57.51,55.82,57.15,758427
2011-08-24,56.88,58.16,56.61,57.41,564545
2011-08-25,57.36,57.58,55.11,55.53,773624
2011-08-26,55.26,56.58,55.13,55.57,578753
2011-08-29,55.62,56.84,55.39,55.85,429560
2011-08-30,56.31,56.31,55.11,55.32,1077449
2011-09-02,55.28,56.44,54.96,56.28,217596
2011-09-05,57.18,57.51,56.3,56.79,334530
2011-09-06,56.89,57.87,56.89,57.59,809216
2011-09-07,57.64,58.13,57.04,58.04,784820
2011-09-08,56.89,56.89,55.14,55.3,754661
2011-09-09,55.5,55.64,52.98,53.44,1122884
2011-09-12,53.7,54.54,52.89,54.15,1011317
2011-09-13,54.22,54.48,53.27,53.68,863474
2011-09-14,53.94,54.5,53.5,54.38,634940
2011-09-15,54.44,56.12,54.44,55.96,546551
2011-09-16,57.04,57.63,54.52,55.57,1517133
2011-09-19,55.85,55.97,54.37,54.7,552678
2011-09-20,54.76,54.89,54.24,54.72,271776
2011-09-21,56.87,56.87,54.45,54.84,681689
2011-09-22,54.84,55.7,54.81,55.31,582551
2011-09-23,54.81,56.06,54.69,55.07,553655
2011-09-26,55.33,55.41,53.79,54.83,339707
2011-09-27,55.11,55.25,53.99,54.52,460395
2011-09-28,54.62,54.79,53.11,53.34,495620
2011-09-29,53.84,54.89,52.79,54.27,979091
2011-09-30,54.1,54.73,53.66,54.3,189440
2011-10-03,54.52,56.44,54.26,55.99,918770
2011-10-04,56.43,57.11,55.12,55.8,631554
2011-10-05,55.89,56.25,54.5,54.96,409017
2011-10-07,54.08,54.74,54.08,54.5,423972
2011-10-10,54.29,54.62,53.72,54.45,1081466
2011-10-11,54.36,54.67,53.1,53.35,1043534
2011-10-12,53.48,53.61,52.81,53.29,719786
2011-10-13,46.73,53.7,46.73,51.81,706220
2011-10-14,51.57,52.27,51.33,51.68,1291968
2011-10-17,51.78,53.19,49.86,49.99,1289045
2011-10-18,50.08,50.91,50.08,50.82,790547
2011-10-19,51.22,51.26,50.38,51.11,623459
2011-10-20,50.73,51.11,49.96,50.48,716964
2011-10-21,50.36,51.16,50.36,50.81,579339
2011-10-24,51.09,51.11,50.16,50.42,965147
2011-10-25,50.1,51.13,49.65,50.55,564452
2011-10-26,50.68,51.41,50.68,51.03,59658
2011-10-28,51.11,51.54,49.72,50.09,1520040
2011-10-31,50.37,50.56,49.02,49.36,782136
2011-11-01,49.19,50.47,48.38,49.72,2325372
2011-11-02,49.78,50.66,49.72,50.32,850325
2011-11-03,50.59,50.78,49.57,50.44,843102
2011-11-04,51.1,51.68,50.08,50.32,719573
2011-11-08,50.06,50.08,48.79,49.24,921737
2011-11-09,48.75,49.35,46.55,46.78,891150
2011-11-11,46.64,47.11,45.33,46.18,989357
2011-11-14,46.22,46.81,44.92,45.48,793979
2011-11-15,45.48,45.48,44.3,44.7,679550
2011-11-16,43.72,43.84,40.59,42.4,2349716
2011-11-17,42.22,42.67,40.74,41.5,947402
2011-11-18,41.48,44.43,41.48,44.13,969285
2011-11-21,44.3,44.53,42.74,43.04,450525
2011-11-22,41.78,44.23,41.78,43.96,395339
2011-11-23,43.59,43.85,42.41,42.84,335465
2011-11-24,43.1,43.35,41.12,41.5,1421747
2011-11-25,41.48,42.22,40.66,41.64,1063382
2011-11-28,41.56,42.9,41.32,42.75,488862
2011-11-29,42.22,42.51,40.78,40.96,658668
2011-11-30,40.74,41.29,40.3,40.96,818405
2011-12-01,41.35,41.75,40.48,41.01,1024653
2011-12-02,40.81,43.79,40.61,43.23,1210913
2011-12-05,42.24,43.05,41.99,42.53,486582
2011-12-07,42.67,44.0,42.26,43.35,815577
2011-12-08,42.32,43.4,42.32,42.7,295971
2011-12-09,42.91,43.85,42.37,43.65,567611
2011-12-12,43.84,43.84,42.1,42.31,160586
2011-12-13,41.68,43.25,41.56,42.94,343511
2011-12-14,42.79,43.13,40.68,41.12,783105
2011-12-15,41.19,42.37,41.14,41.96,554042
2011-12-16,42.19,42.63,38.24,39.04,1641107
2011-12-19,39.23,39.81,38.37,38.9,356103
2011-12-20,38.9,39.52,37.04,37.34,478923
2011-12-21,37.63,39.7,36.9,39.28,490389
2011-12-22,38.21,39.99,38.21,39.74,322808
2011-12-23,39.71,39.92,38.54,38.96,141858
2011-12-26,38.96,39.41,38.41,38.58,227495
2011-12-27,38.7,39.26,38.26,38.62,241994
2011-12-28,38.26,38.52,37.23,37.64,181931
2011-12-29,37.91,38.33,36.37,36.66,543719
2011-12-30,37.04,38.04,36.32,37.48,560973
2012-01-02,37.5,38.3,37.12,37.45,406611
2012-01-03,37.04,37.69,36.67,37.44,443615
2012-01-04,36.7,37.41,36.24,36.53,511440
2012-01-05,36.3,36.58,35.33,35.5,713667
2012-01-06,35.41,36.27,35.31,35.79,891549
2012-01-07,35.85,36.0,35.27,35.85,33078
2012-01-09,35.85,36.08,35.41,35.76,267338
2012-01-10,36.15,36.5,36.08,36.39,234941
2012-01-11,36.32,37.87,36.32,37.48,581219
2012-01-12,37.08,37.76,36.64,37.06,1238570
2012-01-13,37.48,38.13,37.19,37.63,646038
2012-01-16,37.48,37.85,37.19,37.53,282686
2012-01-17,37.77,38.81,37.65,38.59,585689
2012-01-18,38.72,39.74,37.72,38.21,708255
2012-01-19,38.39,39.23,38.15,38.93,366474
2012-01-20,39.11,39.93,38.74,39.77,598394
2012-01-23,39.85,40.92,39.74,40.04,583187
2012-01-24,39.98,40.81,39.44,40.43,328544
2012-01-25,40.67,42.81,40.45,42.42,1326230
2012-01-27,42.22,43.04,41.68,42.87,845519
2012-01-30,42.65,42.95,41.74,42.07,814724
2012-01-31,42.24,44.23,41.59,43.72,817592
2012-02-01,43.69,43.79,42.22,42.68,344942
2012-02-02,42.82,43.24,41.67,42.07,864797
2012-02-03,42.37,43.19,42.01,42.44,848588
2012-02-06,42.53,43.48,42.22,42.39,719585
2012-02-07,42.39,43.79,41.57,41.84,694952
2012-02-08,41.08,42.57,41.08,42.41,461039
2012-02-09,37.07,48.86,37.07,42.61,698951
2012-02-10,44.44,45.89,43.33,43.56,3347156
2012-02-13,43.85,44.0,41.96,42.13,773156
2012-02-14,42.43,42.9,42.16,42.33,520769
2012-02-15,42.37,43.48,42.22,42.96,1066968
2012-02-16,42.81,43.39,42.37,43.24,501263
2012-02-17,42.39,43.9,41.92,42.97,734670
2012-02-21,42.84,43.1,42.37,42.54,528308
2012-02-22,42.68,45.08,42.12,42.64,2152677
2012-02-23,42.83,45.39,42.67,44.1,2086076
2012-02-24,44.31,45.04,41.79,42.62,1176293
2012-02-27,42.53,44.38,41.32,44.1,2661120
2012-02-28,44.58,44.81,43.5,44.44,865701
2012-02-29,44.61,46.67,44.55,46.46,1809590
2012-03-01,46.89,46.89,45.48,46.06,605438
2012-03-02,46.21,46.48,45.19,45.69,684623
2012-03-03,45.78,46.95,45.78,46.61,249227
2012-03-05,46.83,46.98,45.11,45.68,820602
2012-03-06,45.92,46.96,45.64,46.18,1299942
2012-03-07,46.21,46.33,43.72,44.24,810321
2012-03-09,44.32,44.96,43.74,44.59,1150479
2012-03-12,45.04,45.04,44.03,44.27,360603
2012-03-13,44.31,45.3,44.29,44.79,801639
2012-03-14,44.9,45.16,44.24,44.71,605411
2012-03-15,44.31,44.98,43.33,43.72,555401
2012-03-16,43.82,45.48,42.59,44.29,2120027
2012-03-19,42.55,44.28,42.44,42.99,733442
2012-03-20,42.98,43.92,42.86,43.4,822095
2012-03-21,43.24,44.52,43.11,44.02,861245
2012-03-22,44.01,44.24,42.68,43.01,309374
2012-03-23,43.11,43.3,42.04,42.22,833900
2012-03-26,42.36,42.54,41.94,42.12,480854
2012-03-27,42.3,42.66,41.78,42.1,416814
2012-03-28,42.21,42.37,41.41,41.6,494861
2012-03-29,41.41,42.22,41.25,41.92,901137
2012-03-30,42.3,45.19,42.3,44.98,1764203
2012-04-02,44.31,44.95,43.5,43.97,832842
2012-04-03,44.16,44.74,43.63,44.6,559422
2012-04-04,44.46,44.58,43.88,44.01,290342
2012-04-09,43.69,43.69,42.22,42.34,353069
2012-04-10,42.38,42.43,41.39,41.53,340410
2012-04-11,41.53,42.53,41.19,41.74,470360
2012-04-12,42.08,42.35,41.75,42.06,343953
2012-04-13,41.79,42.33,41.23,41.5,534365
2012-04-16,41.5,42.36,41.28,41.95,377661
2012-04-17,42.1,43.1,41.82,42.98,942113
2012-04-18,43.28,43.99,43.04,43.5,788847
2012-04-19,43.42,44.58,43.28,44.39,598011
2012-04-20,44.32,45.76,43.81,45.15,1318079
2012-04-23,45.2,45.63,43.43,43.61,871598
2012-04-24,43.7,45.19,43.28,44.36,837867
2012-04-25,44.47,45.44,44.44,45.22,957402
2012-04-26,45.5,45.5,43.14,43.58,1455131
2012-04-27,43.7,44.44,43.35,43.83,343307
2012-04-28,44.01,44.46,43.85,44.34,25875
2012-04-30,43.7,44.8,43.68,44.66,253796
2012-05-02,44.79,45.04,43.99,44.16,338960
2012-05-03,45.33,45.33,43.64,43.87,806298
2012-05-04,38.56,44.84,38.56,44.39,1095230
2012-05-07,44.44,46.22,44.44,45.49,1639179
2012-05-08,45.64,46.07,44.28,44.76,1116005
2012-05-09,44.61,45.61,44.0,44.56,513827
2012-05-10,44.59,45.66,44.24,44.7,629202
2012-05-11,44.9,45.31,44.01,44.36,411434
2012-05-14,44.74,45.33,44.24,45.13,671156
2012-05-15,45.18,45.47,44.51,44.84,1336947
2012-05-16,44.99,46.77,44.67,45.18,1951989
2012-05-17,45.5,46.55,45.04,45.23,1190948
2012-05-18,45.33,45.73,44.86,45.44,507819
2012-05-21,45.52,46.16,45.12,45.35,676457
2012-05-22,45.56,46.21,45.05,45.46,1130921
2012-05-23,45.93,46.59,45.24,45.89,643926
2012-05-24,47.29,48.55,44.99,45.38,3180201
2012-05-25,45.36,45.36,44.15,44.55,998900
2012-05-28,44.59,44.86,43.93,44.1,661869
2012-05-29,44.14,44.14,43.39,43.73,734003
2012-05-30,42.96,43.68,42.72,42.92,847584
2012-05-31,42.68,43.62,42.12,43.03,913301
2012-06-01,42.99,44.44,42.81,44.03,505062
2012-06-04,43.87,46.08,43.7,45.98,1521485
2012-06-05,45.92,45.92,45.11,45.3,323495
2012-06-06,45.05,45.49,44.22,44.52,641163
2012-06-07,44.36,44.49,43.52,43.73,910712
2012-06-08,43.87,45.12,43.87,44.92,722570
2012-06-11,45.04,45.56,44.48,45.04,706458
2012-06-12,45.01,45.48,44.55,45.29,610796
2012-06-13,45.2,45.92,44.45,44.67,510740
2012-06-14,44.67,45.04,44.21,44.84,568481
2012-06-15,44.86,45.41,44.16,44.36,403730
2012-06-18,44.3,45.04,44.16,44.75,558297
2012-06-19,44.67,47.7,44.61,47.41,3715955
2012-06-20,47.7,48.08,46.91,47.78,2058167
2012-06-21,47.85,50.98,47.85,49.79,4980305
2012-06-22,49.78,50.98,49.27,49.46,1733291
2012-06-25,49.62,50.04,48.67,48.76,1057634
2012-06-26,48.89,50.37,48.64,50.1,1171055
2012-06-27,50.3,50.36,49.36,49.79,751593
2012-06-28,49.66,50.4,49.12,49.81,1421795
2012-06-29,48.61,49.88,48.61,49.66,527249
2012-07-02,49.5,49.66,48.62,49.28,483767
2012-07-03,49.33,51.88,49.14,51.38,1713554
2012-07-04,51.28,51.28,50.16,50.53,831045
2012-07-05,50.39,50.88,49.96,50.61,732122
2012-07-06,50.48,51.56,50.48,51.04,558167
2012-07-09,51.1,51.63,50.84,51.48,497447
2012-07-10,51.55,52.05,50.55,50.97,746270
2012-07-11,51.03,51.55,50.68,50.88,357156
2012-07-12,50.83,52.67,50.49,52.53,1107218
2012-07-13,52.46,52.83,51.41,51.92,880301
2012-07-16,50.81,51.83,50.63,50.81,356415
2012-07-17,50.96,51.82,49.89,51.52,847305
2012-07-18,51.41,51.69,50.19,51.09,809327
2012-07-19,51.27,52.27,50.96,51.73,1801772
2012-07-20,51.97,51.97,50.27,50.59,716187
2012-07-23,50.48,50.9,49.88,50.13,535056
2012-07-24,50.09,51.52,49.71,51.29,1037276
2012-07-25,51.02,51.09,50.39,50.7,887562
2012-07-26,50.53,51.04,48.35,49.3,907265
2012-07-27,49.79,50.36,49.19,49.55,546987
2012-07-30,49.52,50.19,48.35,49.55,441642
2012-07-31,49.81,51.56,49.56,50.92,783198
2012-08-01,51.11,51.11,49.88,50.06,586320
2012-08-02,49.92,49.94,48.68,48.98,465392
2012-08-03,48.89,49.7,47.95,49.52,1061418
2012-08-06,49.33,49.85,48.04,48.67,1001691
2012-08-07,48.45,48.45,46.96,47.21,1228808
2012-08-08,47.11,48.04,46.95,47.71,578124
2012-08-09,47.71,47.78,46.37,46.52,417425
2012-08-10,46.3,47.98,45.89,47.68,922619
2012-08-13,47.59,48.09,46.68,47.69,429182
2012-08-14,47.56,47.9,46.94,47.13,382928
2012-08-16,47.26,47.26,45.63,45.82,755810
2012-08-17,45.81,46.48,45.51,46.11,696594
2012-08-21,46.23,46.41,45.87,46.22,608483
2012-08-22,46.09,47.52,45.72,47.34,761033
2012-08-23,47.11,47.56,39.34,47.41,852839
2012-08-24,47.44,48.0,47.0,47.24,385866
2012-08-27,47.28,47.33,46.71,46.87,305831
2012-08-28,47.04,47.26,46.22,46.48,351902
2012-08-29,46.74,47.16,45.8,45.96,411914
2012-08-30,45.14,46.37,43.83,45.5,2066174
2012-08-31,46.3,47.04,43.78,44.12,430034
2012-09-03,44.44,44.44,43.28,43.51,473336
2012-09-04,43.43,44.7,43.21,44.52,1055112
2012-09-05,45.02,45.39,44.59,45.0,641138
2012-09-06,45.08,45.92,44.81,45.79,511370
2012-09-07,46.3,46.52,44.3,44.9,1596434
2012-09-08,44.89,45.26,44.61,45.12,53073
2012-09-10,45.19,45.32,44.63,44.86,226410
2012-09-11,45.32,46.48,45.19,46.01,1710972
2012-09-12,45.7,45.81,45.19,45.32,411452
2012-09-13,45.44,46.34,45.33,45.61,771206
2012-09-14,47.59,48.15,44.08,44.48,4831430
2012-09-17,44.44,45.27,42.47,42.66,4331531
2012-09-18,42.88,43.41,42.31,42.41,3209445
2012-09-20,42.04,44.24,42.04,43.92,2826131
2012-09-21,43.7,44.68,43.49,44.3,1845263
2012-09-24,44.05,45.57,44.05,45.19,1520129
2012-09-25,45.19,45.81,44.63,45.5,676217
2012-09-26,45.63,46.56,45.2,46.17,998610
2012-09-27,46.49,46.59,44.83,45.22,1086272
2012-09-28,45.41,45.9,44.67,45.61,1213670
2012-10-01,45.77,46.37,45.4,46.21,741755
2012-10-03,46.21,46.5,45.88,46.15,1059839
2012-10-04,46.52,48.84,46.52,47.63,2608242
2012-10-05,47.7,47.7,45.48,46.83,744000
2012-10-08,47.11,48.02,46.34,46.59,1042874
2012-10-09,46.81,47.4,46.12,47.13,1281027
2012-10-10,46.89,46.89,45.68,45.95,794849
2012-10-11,45.81,46.5,45.81,46.04,330482
2012-10-12,46.0,46.64,45.41,45.66,550196
2012-10-15,45.7,46.01,45.12,45.34,422450
2012-10-16,45.56,45.61,44.37,44.52,681072
2012-10-17,44.6,45.04,44.41,44.57,354894
2012-10-18,44.7,44.88,44.31,44.64,546932
2012-10-19,44.51,44.9,44.3,44.47,366453
2012-10-22,44.59,44.8,44.23,44.41,444800
2012-10-23,44.58,44.96,44.46,44.59,243624
2012-10-25,44.74,45.12,44.52,44.81,920561
2012-10-26,44.83,45.36,44.76,44.87,227586
2012-10-29,44.96,44.96,44.23,44.33,112676
2012-10-30,44.44,44.63,43.85,44.14,369578
2012-10-31,44.25,44.56,43.79,44.25,362915
2012-11-01,44.25,44.5,44.15,44.3,332444
2012-11-02,44.59,45.13,44.4,44.54,989148
2012-11-05,44.7,45.09,44.69,44.92,264984
2012-11-06,44.75,44.89,44.09,44.3,630591
2012-11-07,44.47,44.54,44.08,44.36,396569
2012-11-08,44.48,45.85,44.46,45.56,979076
2012-11-09,45.5,45.88,44.46,44.67,247391
2012-11-12,44.74,45.21,44.47,44.61,306906
2012-11-13,44.74,44.92,44.59,44.72,26793
2012-11-15,44.74,44.81,43.72,43.86,868163
2012-11-16,43.99,44.19,43.45,43.7,421805
2012-11-19,43.38,43.76,42.43,42.51,1078844
2012-11-20,42.67,42.79,41.78,42.12,372300
2012-11-21,42.22,42.41,41.92,42.18,221453
2012-11-22,42.36,42.37,41.59,41.7,553688
2012-11-23,41.77,41.97,41.37,41.43,471566
2012-11-26,41.86,41.86,40.81,40.86,413361
2012-11-27,40.89,41.6,40.79,41.08,803399
2012-11-29,41.41,42.39,41.19,42.22,739697
2012-11-30,42.37,42.83,42.0,42.51,374717
2012-12-03,42.51,43.09,41.9,42.87,367895
2012-12-04,42.8,43.34,41.98,42.11,1072238
2012-12-05,42.22,42.72,41.84,42.49,1034453
2012-12-06,42.49,42.93,42.13,42.67,388262
2012-12-07,42.81,43.68,42.81,42.97,501509
2012-12-10,43.1,43.32,42.5,42.7,220773
2012-12-11,42.81,43.0,42.03,42.21,642251
2012-12-12,42.21,42.33,41.49,41.64,344429
2012-12-13,41.76,41.93,41.38,41.79,619707
2012-12-14,41.7,42.0,41.52,41.72,434051
2012-12-17,41.78,42.09,41.24,41.58,487790
2012-12-18,41.72,41.9,41.26,41.48,698837
2012-12-19,41.48,42.38,41.48,42.04,978047
2012-12-20,42.0,42.28,41.61,41.86,313703
2012-12-21,41.76,41.88,41.08,41.3,238382
2012-12-24,41.19,41.75,41.19,41.54,568053
2012-12-26,41.54,41.88,41.41,41.55,463955
2012-12-27,41.55,42.05,41.41,41.65,971405
2012-12-28,41.78,43.65,41.78,43.41,1553489
2012-12-31,43.41,43.85,42.89,43.1,549984
2013-01-01,43.09,43.3,42.73,42.93,609053
2013-01-02,43.09,44.37,43.08,43.97,749834
2013-01-03,44.08,44.34,43.48,44.16,463578
2013-01-04,44.28,46.67,43.94,46.49,2039067
2013-01-07,46.52,49.61,46.52,48.75,3293685
2013-01-08,48.86,49.11,47.27,47.89,1730448
2013-01-09,51.85,51.85,48.04,49.76,2266007
2013-01-10,50.47,51.18,48.3,48.92,2854200
2013-01-11,49.19,49.19,47.7,48.3,1317669
2013-01-14,48.3,49.03,47.64,48.88,1409414
2013-01-15,49.04,49.99,48.46,49.05,2114376
2013-01-16,49.17,49.45,47.97,48.32,1320641
2013-01-17,48.65,53.0,48.24,50.95,11457495
2013-01-18,51.19,56.54,51.15,53.69,14582853
2013-01-21,53.99,55.58,52.79,55.23,5526908
2013-01-22,54.66,55.85,53.42,53.87,2250845
2013-01-23,53.97,54.27,51.44,52.81,1639835
2013-01-24,53.24,53.48,50.8,51.16,1647002
2013-01-25,51.19,52.94,50.8,51.92,1526834
2013-01-28,52.0,52.28,49.82,50.51,1839191
2013-01-29,50.59,50.95,48.76,49.32,1861749
2013-01-30,49.33,50.34,48.21,49.28,3037493
2013-01-31,49.19,50.12,48.48,48.69,2584199
2013-02-01,46.22,50.59,46.22,50.12,1309335
2013-02-04,50.39,50.87,48.61,48.74,949319
2013-02-05,48.67,49.32,48.02,49.1,1297650
2013-02-06,49.19,49.93,48.64,49.06,809130
2013-02-07,49.03,49.32,47.11,47.36,862749
2013-02-08,47.42,47.92,47.01,47.4,734592
2013-02-11,47.7,48.06,46.58,47.3,662463
2013-02-12,47.33,48.61,47.06,48.36,943463
2013-02-13,48.01,48.88,46.52,46.9,1636905
2013-02-14,46.9,47.78,46.22,46.5,914039
2013-02-15,46.8,47.26,44.91,45.98,1098684
2013-02-18,46.68,47.21,46.01,46.21,942815
2013-02-19,46.27,46.56,45.63,46.11,538478
2013-02-20,46.29,47.36,46.24,47.07,962694
2013-02-21,46.22,47.48,45.91,46.5,1159694
2013-02-22,46.54,47.19,46.08,46.91,654011
2013-02-25,46.84,47.11,45.98,46.32,317162
2013-02-26,46.04,46.5,44.39,44.51,768506
2013-02-27,44.92,45.78,44.23,45.08,1376558
2013-02-28,45.19,45.76,42.52,42.92,4047729
2013-03-01,42.99,45.11,42.99,44.8,1636298
2013-03-04,45.19,45.56,44.01,44.16,765968
2013-03-05,44.22,44.81,43.64,44.57,544283
2013-03-06,44.52,45.11,44.37,44.52,497972
2013-03-07,44.74,45.3,44.36,44.84,622296
2013-03-08,45.11,46.33,44.89,46.02,947445
2013-03-11,46.08,46.5,45.39,45.59,367164
2013-03-12,45.48,45.99,44.92,45.46,832821
2013-03-13,45.19,45.48,44.36,44.48,384471
2013-03-14,44.44,45.57,44.3,45.24,747338
2013-03-15,45.6,45.9,44.79,45.1,1428180
2013-03-18,44.89,44.89,44.15,44.64,275723
2013-03-19,44.76,45.01,42.88,43.51,804276
2013-03-20,43.44,43.82,42.96,43.31,1250930
2013-03-21,43.33,43.84,41.89,42.14,516428
2013-03-22,42.13,42.59,41.07,42.08,586785
2013-03-25,43.26,43.54,41.46,41.8,982290
2013-03-26,41.78,42.31,41.33,41.63,408261
2013-03-28,41.5,42.66,41.26,42.25,603656
2013-04-01,42.05,42.3,41.59,41.92,264317
2013-04-02,41.92,42.74,41.62,42.37,364610
2013-04-03,41.92,42.67,41.64,41.9,577839
2013-04-04,41.86,42.25,41.33,41.41,422240
2013-04-05,41.41,42.21,41.33,42.09,603375
2013-04-08,42.22,43.29,42.12,42.99,655562
2013-04-09,43.26,44.19,42.62,42.99,1473161
2013-04-10,43.26,43.77,42.71,43.32,587315
2013-04-11,43.44,43.82,42.97,43.11,276398
2013-04-12,43.26,44.32,43.11,44.04,608955
2013-04-15,44.44,46.89,44.44,46.22,2010200
2013-04-16,46.39,47.22,46.19,46.69,1043580
2013-04-17,46.81,46.81,45.32,45.6,785684
2013-04-18,46.1,47.01,46.07,46.74,971648
2013-04-22,47.26,47.72,46.16,47.01,710438
2013-04-23,46.81,46.9,45.65,46.43,327203
2013-04-25,46.48,46.62,45.5,45.92,1013178
2013-04-26,45.92,46.81,45.58,45.76,418536
2013-04-29,45.78,46.66,45.72,46.44,224367
2013-04-30,46.37,46.43,44.21,45.48,860979
2013-05-02,45.78,47.16,45.78,46.26,975386
2013-05-03,46.26,46.27,44.9,45.12,476505
2013-05-06,44.89,45.01,44.59,44.88,391880
2013-05-07,45.04,45.26,44.74,45.09,379821
2013-05-08,45.04,45.63,44.96,45.16,563828
2013-05-09,45.04,45.78,44.78,45.5,787895
2013-05-10,45.48,46.59,45.42,46.37,870797
2013-05-11,46.96,47.1,46.44,46.88,196217
2013-05-13,47.02,47.04,45.04,45.44,540099
2013-05-14,45.7,46.41,45.19,45.42,500801
2013-05-15,45.63,46.47,45.43,46.1,528252
2013-05-16,46.21,48.15,46.01,46.97,807215
2013-05-17,46.95,47.18,45.85,46.19,546332
2013-05-20,46.08,46.16,44.82,45.1,610221
2013-05-21,45.04,45.6,45.0,45.3,804257
2013-05-22,45.48,45.48,42.37,43.1,2084078
2013-05-23,43.1,43.54,41.96,42.19,799235
2013-05-24,42.34,43.26,42.15,42.72,404594
2013-05-27,42.81,43.26,41.92,42.32,465149
2013-05-28,42.81,43.19,42.37,42.8,1135874
2013-05-29,42.96,43.38,42.15,42.28,934209
2013-05-30,42.44,42.78,42.02,42.34,860633
2013-05-31,42.66,42.7,41.6,41.73,598454
2013-06-03,42.08,42.34,41.59,42.01,807443
2013-06-04,42.15,42.43,41.97,42.1,264309
2013-06-05,42.22,42.29,41.79,42.01,284853
2013-06-06,42.07,42.08,41.48,41.56,345953
2013-06-07,41.63,41.99,41.33,41.48,330650
2013-06-10,41.78,41.79,40.0,40.4,884601
2013-06-11,40.02,40.46,37.86,38.49,2161997
2013-06-12,38.67,39.46,38.12,38.74,768851
2013-06-13,38.52,38.88,37.64,37.91,372989
2013-06-14,38.09,39.24,38.09,38.81,404912
2013-06-17,39.26,39.3,38.12,38.47,445013
2013-06-18,38.46,38.56,38.12,38.28,368033
2013-06-19,38.09,38.34,37.7,38.19,483201
2013-06-20,37.79,37.94,37.07,37.35,440399
2013-06-21,37.48,37.77,36.75,36.86,282647
2013-06-24,36.74,36.96,35.7,35.79,320333
2013-06-25,35.56,36.64,35.54,35.98,528381
2013-06-26,36.3,36.44,35.81,35.96,499554
2013-06-27,36.22,36.56,35.88,36.16,760631
2013-06-28,36.37,38.3,36.37,37.5,1215932
2013-07-01,37.78,38.32,37.39,38.22,312620
2013-07-02,38.44,38.79,37.69,37.8,459314
2013-07-03,37.41,37.41,36.22,36.35,560411
2013-07-04,36.59,37.19,35.8,36.99,398363
2013-07-05,37.43,37.43,36.44,36.73,209448
2013-07-08,36.56,36.56,34.72,35.31,1442225
2013-07-09,35.56,35.82,34.96,35.1,781398
2013-07-10,35.3,35.32,33.78,33.87,1531145
2013-07-11,34.52,34.58,33.87,34.16,580742
2013-07-12,34.52,34.6,33.96,34.38,283094
2013-07-15,34.52,34.8,34.24,34.52,466052
2013-07-16,34.3,35.25,34.22,34.88,469416
2013-07-17,34.9,35.2,33.34,33.63,848546
2013-07-18,33.63,34.11,33.39,33.81,343346
2013-07-19,33.85,34.28,33.28,33.56,302445
2013-07-22,33.46,34.06,33.39,33.66,615335
2013-07-23,33.65,34.52,33.63,34.18,957306
2013-07-24,34.37,34.5,33.2,33.53,1169546
2013-07-25,33.78,35.07,32.93,34.13,4362314
2013-07-26,34.37,35.07,34.08,34.5,756461
2013-07-29,34.39,34.44,32.98,33.19,406332
2013-07-30,32.89,33.19,28.9,29.52,2814189
2013-07-31,29.56,31.56,28.24,31.36,2301920
2013-08-01,31.84,31.85,29.24,29.68,1572248
2013-08-02,29.19,29.63,27.92,28.5,1066070
2013-08-05,28.59,28.88,27.7,28.16,592268
2013-08-06,28.04,28.54,26.08,26.44,1220351
2013-08-07,26.36,27.84,26.08,27.37,768626
2013-08-08,27.3,28.09,26.67,27.8,541112
2013-08-12,27.86,28.44,27.56,28.16,900434
2013-08-13,27.93,28.44,27.43,28.13,1162991
2013-08-14,27.11,28.5,27.11,28.34,2527937
2013-08-16,28.16,28.19,26.81,26.9,793223
2013-08-19,26.92,27.16,25.68,26.31,643565
2013-08-20,25.92,27.14,25.63,26.9,690981
2013-08-21,27.25,27.77,25.79,26.18,1213380
2013-08-22,26.08,27.27,25.63,27.05,901971
2013-08-23,27.41,27.64,26.53,27.48,934448
2013-08-26,27.5,28.13,26.96,27.52,1358513
2013-08-27,27.42,27.57,26.24,26.39,556556
2013-08-28,25.37,25.64,23.41,24.28,1858328
2013-08-29,24.74,25.09,24.01,24.16,3917256
2013-08-30,24.89,25.08,24.3,24.85,1733348
2013-09-02,25.43,25.48,24.82,25.16,2234072
2013-09-03,25.44,25.63,23.92,24.5,1818155
2013-09-04,24.38,25.47,24.16,25.16,2334585
2013-09-05,25.48,26.11,25.39,25.78,1837664
2013-09-06,26.09,27.67,25.56,27.32,2736200
2013-09-10,27.85,27.96,26.87,27.11,1526075
2013-09-11,27.19,28.69,27.14,28.21,1536498
2013-09-12,28.16,28.89,26.96,27.15,2918780
2013-09-13,27.26,27.85,26.81,27.69,1236572
2013-09-16,28.41,29.28,27.95,28.93,2615204
2013-09-17,29.03,29.19,28.48,28.94,1598417
2013-09-18,28.94,29.61,28.78,29.43,1524338
2013-09-19,29.82,30.8,29.41,30.48,1748166
2013-09-20,30.79,31.19,29.34,30.84,1895399
2013-09-23,30.47,30.79,28.76,29.1,1480649
2013-09-24,28.75,29.52,28.52,28.68,932318
2013-09-25,27.72,28.3,27.58,27.76,1706546
2013-09-26,27.85,28.25,27.56,27.65,1260971
2013-09-27,27.78,29.19,27.78,28.18,2616728
2013-09-30,28.28,28.67,28.06,28.47,2023322
2013-10-01,28.3,28.48,27.79,28.26,709979
2013-10-03,28.0,28.71,27.98,28.23,1285730
2013-10-04,28.03,29.01,28.03,28.45,1521092
2013-10-07,28.37,28.77,28.22,28.61,1296212
2013-10-08,28.81,29.07,28.09,28.25,828323
2013-10-09,28.15,28.57,28.02,28.33,801476
2013-10-10,28.33,28.66,28.08,28.24,546152
2013-10-11,28.36,28.45,27.91,28.13,405590
2013-10-14,28.15,28.53,28.02,28.1,508268
2013-10-15,28.22,28.33,27.19,27.34,1227716
2013-10-17,27.41,27.8,27.32,27.52,582501
2013-10-18,27.7,28.44,27.7,28.28,1337012
2013-10-21,28.49,28.7,28.04,28.28,762827
2013-10-22,28.3,29.58,28.24,29.38,1666920
2013-10-23,29.67,29.99,28.99,29.54,1363323
2013-10-24,29.77,29.84,29.1,29.21,980972
2013-10-25,29.04,29.28,28.22,28.36,891471
2013-10-28,28.44,28.81,28.22,28.3,622238
2013-10-29,28.5,29.5,28.42,29.28,1485485
2013-10-30,29.32,30.08,29.02,29.73,1136771
2013-10-31,29.99,30.06,29.56,29.83,1228902
2013-11-01,29.83,30.65,29.69,30.52,1533026
2013-11-03,30.84,31.91,30.84,31.63,566628
2013-11-05,31.64,33.3,30.99,33.05,2104955
2013-11-06,33.32,34.22,32.98,33.79,2811297
2013-11-07,33.74,33.92,31.7,31.96,1335644
2013-11-08,31.78,33.01,31.7,32.43,819938
2013-11-11,32.01,32.12,31.11,31.23,476939
2013-11-12,31.11,32.4,30.92,31.29,1865394
2013-11-13,30.82,31.45,30.64,31.23,905889
2013-11-14,31.56,31.97,30.99,31.1,1386777
2013-11-18,31.83,31.83,30.81,31.34,1215351
2013-11-19,31.47,32.28,31.21,31.79,979100
2013-11-20,31.84,32.46,31.11,31.36,1428480
2013-11-21,31.54,31.61,29.76,29.93,929946
2013-11-22,29.79,30.5,29.42,29.99,1271210
2013-11-25,30.83,32.12,30.83,31.7,1989770
2013-11-26,31.7,31.71,30.04,30.22,1345616
2013-11-27,30.22,30.67,30.1,30.36,729602
2013-11-28,30.51,30.95,30.38,30.76,810977
2013-11-29,30.72,32.1,30.72,31.84,1451093
2013-12-02,32.07,32.3,31.88,32.17,953762
2013-12-03,32.01,32.28,31.53,31.73,616385
2013-12-04,31.7,31.76,30.9,31.25,645384
2013-12-05,31.7,33.3,31.7,33.1,2259686
2013-12-06,33.13,33.41,32.41,33.09,795521
2013-12-09,33.88,34.93,33.41,34.74,2041982
2013-12-10,34.87,35.0,33.64,34.11,590405
2013-12-11,33.78,33.99,33.19,33.56,353846
2013-12-12,33.22,33.78,32.93,33.09,420735
2013-12-13,33.11,33.11,32.22,32.34,719886
2013-12-16,32.3,32.59,31.44,31.65,469611
2013-12-17,31.41,32.12,31.36,31.45,380321
2013-12-18,31.56,33.3,31.48,32.96,993323
2013-12-19,33.33,33.42,31.92,32.61,890562
2013-12-20,32.59,34.37,32.32,34.11,1003574
2013-12-23,34.11,34.89,33.81,34.24,872264
2013-12-24,34.22,35.34,34.21,35.15,1074450
2013-12-26,35.15,36.32,34.92,35.1,1774337
2013-12-27,35.18,36.0,35.18,35.54,1277324
2013-12-30,35.57,35.62,34.88,34.99,979569
2013-12-31,35.1,35.63,34.84,35.16,1020245
2014-01-01,35.25,35.95,35.04,35.49,646577
2014-01-02,35.96,35.99,34.28,34.43,1325105
2014-01-03,34.28,34.67,33.41,33.64,793583
2014-01-06,34.18,34.44,33.24,33.41,1057592
2014-01-07,33.24,33.59,32.63,32.84,1085564
2014-01-08,32.67,33.13,32.0,32.17,736304
2014-01-09,32.03,32.95,31.78,32.63,1112444
2014-01-10,32.73,33.23,32.32,32.7,639327
2014-01-13,32.76,33.1,32.25,32.66,652361
2014-01-14,32.53,33.0,32.3,32.38,279242
2014-01-15,32.3,33.17,32.3,32.91,650403
2014-01-16,32.95,33.73,32.74,33.49,653691
2014-01-17,33.63,35.25,33.63,35.08,1667021
2014-01-20,34.89,34.94,34.11,34.62,690129
2014-01-21,34.67,34.93,33.67,34.62,959447
2014-01-22,34.59,35.45,34.22,35.24,477026
2014-01-23,35.19,35.37,34.67,34.89,714893
2014-01-24,34.68,35.45,34.23,34.41,665312
2014-01-27,34.08,34.21,33.52,33.79,508895
2014-01-28,33.71,34.32,33.42,33.63,804542
2014-01-29,33.78,36.39,33.55,35.61,2191821
2014-01-30,35.41,35.54,34.32,34.5,1248803
2014-01-31,34.59,36.39,34.52,36.19,1272099
2014-02-03,36.19,36.37,35.08,36.21,1299236
2014-02-04,35.71,36.02,35.3,35.58,843302
2014-02-05,35.7,35.84,34.98,35.55,954479
2014-02-06,35.56,36.28,35.41,35.96,832196
2014-02-07,36.16,36.29,35.59,35.75,442805
2014-02-10,35.84,36.1,35.49,35.9,295862
2014-02-11,36.03,37.21,35.62,36.99,1060100
2014-02-12,36.99,36.99,35.76,36.41,923514
2014-02-13,36.46,36.5,34.68,34.8,570620
2014-02-14,34.96,35.22,34.4,35.01,412742
2014-02-17,35.18,35.62,34.37,35.28,287456
2014-02-18,35.23,35.74,35.12,35.57,574088
2014-02-19,35.53,35.68,34.93,35.52,357179
2014-02-20,35.34,36.07,35.01,35.88,535218
2014-02-21,35.88,37.7,35.54,37.55,1258347
2014-02-24,37.63,38.2,36.99,37.38,861470
2014-02-25,37.48,38.36,37.36,37.96,819881
2014-02-26,37.33,39.32,37.33,38.92,1759268
2014-02-28,39.33,39.39,38.23,39.22,1257764
2014-03-03,39.15,40.17,38.61,40.01,1743957
2014-03-04,39.84,40.59,39.29,40.23,812280
2014-03-05,40.44,41.1,39.95,40.72,1037336
2014-03-06,40.96,42.35,40.74,41.99,1497032
2014-03-07,42.32,43.26,42.1,43.03,1457114
2014-03-10,42.67,43.19,42.0,42.8,2370341
2014-03-11,42.52,43.39,41.86,42.48,1897841
2014-03-12,42.24,42.29,41.24,41.61,1161626
2014-03-13,41.48,46.06,41.32,43.08,5508039
2014-03-14,42.95,43.81,41.52,42.24,2411006
2014-03-18,42.41,44.3,42.41,43.73,2436294
2014-03-19,44.15,44.24,43.03,43.24,2019470
2014-03-20,42.38,43.03,41.72,42.52,2441384
2014-03-21,42.65,43.23,40.96,41.2,2045405
2014-03-22,41.19,41.63,41.06,41.21,153143
2014-03-24,41.19,42.4,40.9,41.96,1623413
2014-03-25,42.08,43.55,41.62,42.99,2188979
2014-03-26,43.26,44.17,43.07,43.32,1552931
2014-03-27,43.56,45.69,43.34,43.99,3122564
2014-03-28,44.0,45.92,43.94,45.44,1481280
2014-03-31,45.45,46.78,45.19,45.9,1134543
2014-04-01,45.19,46.03,44.56,44.96,1821608
2014-04-02,45.26,45.99,45.08,45.56,1099914
2014-04-03,45.57,45.79,44.16,44.52,1676144
2014-04-04,43.95,48.13,43.59,46.57,2568321
2014-04-07,46.59,47.41,45.34,45.53,1117829
2014-04-09,45.63,46.7,45.63,46.49,936893
2014-04-10,46.53,47.41,45.52,47.19,2134992
2014-04-11,46.96,48.05,45.88,46.04,1421589
2014-04-15,46.0,47.04,45.41,46.55,1240958
2014-04-16,46.32,46.32,44.49,44.87,1103247
2014-04-17,45.04,46.65,44.19,46.21,1531016
2014-04-21,46.22,47.6,45.72,47.24,1310945
2014-04-22,47.41,49.35,47.0,48.56,2204498
2014-04-23,48.76,49.63,48.02,48.37,2010996
2014-04-25,48.31,48.56,46.49,46.68,1983521
2014-04-28,46.48,47.59,45.97,47.13,1046091
2014-04-29,46.76,47.6,46.75,47.18,918776
2014-04-30,47.56,48.44,46.24,47.68,2017454
2014-05-02,47.99,49.04,47.79,48.81,857945
2014-05-05,49.19,50.3,48.81,49.64,1035875
2014-05-06,49.78,51.1,49.78,50.59,1329038
2014-05-07,50.88,52.19,50.3,51.51,1608402
2014-05-08,51.81,52.01,50.68,51.74,946329
2014-05-09,51.74,54.06,50.92,53.76,1463859
2014-05-12,53.78,56.74,53.78,55.77,2636823
2014-05-13,56.93,57.78,55.35,56.01,3024074
2014-05-14,56.01,56.57,54.81,55.77,1313165
2014-05-15,55.47,56.44,54.85,55.63,1039127
2014-05-16,58.08,61.03,57.12,59.93,3101783
2014-05-19,60.72,65.16,60.6,64.34,3577178
2014-05-20,64.89,66.37,62.99,63.92,2321939
2014-05-21,64.44,64.44,61.88,62.88,1779215
2014-05-22,63.26,64.66,63.26,63.95,623667
2014-05-23,64.89,66.15,63.67,64.4,1184816
2014-05-26,65.19,67.94,62.88,64.66,1375703
2014-05-27,65.55,65.55,61.84,63.01,1128171
2014-05-28,62.56,62.81,59.97,60.49,1493412
2014-05-29,62.9,62.96,60.53,60.9,2218397
2014-05-30,61.59,61.92,59.02,59.36,1562237
2014-06-02,60.0,63.21,59.76,62.73,2057922
2014-06-03,62.76,64.17,62.19,62.84,1748567
2014-06-04,63.26,63.76,61.95,62.84,1177202
2014-06-05,63.41,66.96,62.92,66.16,3980300
2014-06-06,66.8,68.58,65.84,67.52,3336327
2014-06-09,68.15,68.44,65.29,65.76,2091329
2014-06-10,65.76,66.07,63.08,63.79,2500142
2014-06-11,63.99,66.09,63.05,63.39,2064105
2014-06-12,63.41,64.77,62.98,63.48,965129
2014-06-13,62.67,62.93,57.35,58.26,3061352
2014-06-16,57.63,60.72,56.44,60.41,2358663
2014-06-17,60.31,63.11,59.33,62.69,1728956
2014-06-18,62.37,63.99,59.01,59.58,2671392
2014-06-19,59.63,60.67,56.94,57.66,2290766
2014-06-20,57.05,58.89,56.9,57.48,1401527
2014-06-23,57.51,58.63,55.94,57.93,1760463
2014-06-24,58.8,62.76,58.52,62.12,2723981
2014-06-25,62.8,62.8,60.46,61.68,1580831
2014-06-26,59.12,60.22,58.3,59.01,3865463
2014-06-27,59.39,60.28,58.59,58.84,1290290
2014-06-30,59.14,62.08,59.14,61.66,1516131
2014-07-01,62.96,63.04,60.74,61.21,2275781
2014-07-02,61.99,62.21,60.9,61.81,2105216
2014-07-03,62.48,62.81,61.19,61.39,1061937
2014-07-04,61.5,62.96,60.9,62.44,1695149
2014-07-07,62.19,62.19,60.3,60.5,1197059
2014-07-08,61.03,61.44,56.72,57.27,1679891
2014-07-09,58.22,60.16,57.26,59.05,2069318
2014-07-10,59.23,60.89,56.52,58.68,2782220
2014-07-11,58.74,58.96,55.2,55.84,2247854
2014-07-14,57.02,58.31,56.32,57.32,2005406
2014-07-15,57.92,59.67,57.42,59.41,1439430
2014-07-16,59.7,60.65,59.49,60.16,1194677
2014-07-17,59.93,60.94,59.19,60.48,621548
2014-07-18,59.28,59.9,58.31,58.59,1359282
2014-07-21,58.89,59.23,57.5,57.72,806625
2014-07-22,58.36,58.59,57.07,57.31,1009802
2014-07-23,57.64,59.32,57.39,58.54,1523154
2014-07-24,58.96,59.24,57.81,58.27,830096
2014-07-25,57.78,58.76,56.59,56.96,996455
2014-07-28,56.96,57.66,56.15,56.79,1052286
2014-07-30,56.44,58.19,56.44,57.68,1273389
2014-07-31,58.22,60.08,58.1,59.16,5138573
2014-08-01,59.38,60.74,58.95,59.64,2144058
2014-08-04,60.03,63.26,60.03,62.7,2950488
2014-08-05,63.26,63.32,61.17,61.62,3133751
2014-08-06,61.79,62.51,59.7,59.88,2122541
2014-08-07,60.3,62.59,60.22,61.93,2222567
2014-08-08,60.63,60.74,58.22,59.04,2076635
2014-08-11,60.01,60.74,59.88,60.61,874758
2014-08-12,58.74,60.15,57.65,59.99,1826031
2014-08-13,60.36,62.08,60.27,61.5,3659639
2014-08-14,61.48,61.71,60.68,61.38,1052652
2014-08-18,61.56,65.92,61.56,65.28,2834198
2014-08-19,66.58,68.3,66.12,66.9,3686138
2014-08-20,67.63,68.89,66.08,66.36,3003369
2014-08-21,66.39,69.84,66.3,69.25,2763806
2014-08-22,70.03,70.2,67.72,67.9,3243989
2014-08-25,68.5,69.04,67.11,67.37,1635480
2014-08-26,67.41,68.06,64.7,66.24,2351726
2014-08-27,66.88,67.92,66.39,67.2,1503053
2014-08-28,67.88,68.88,67.34,67.85,2881961
2014-09-01,68.28,69.37,67.36,69.11,2063000
2014-09-02,69.04,70.13,68.16,69.81,2034618
2014-09-03,71.86,72.16,70.37,70.68,3315038
2014-09-04,70.08,70.21,68.99,69.42,1144044
2014-09-05,69.99,71.85,69.78,70.33,1942841
2014-09-08,71.78,74.31,70.67,73.48,3127718
2014-09-09,74.21,74.59,72.59,73.24,2902439
2014-09-10,72.89,73.7,71.48,71.88,1561194
2014-09-11,72.59,74.44,72.04,73.93,2384057
2014-09-12,73.68,74.93,72.9,73.11,1649390
2014-09-15,73.33,74.37,72.88,73.84,1380914
2014-09-16,74.18,74.18,69.28,69.5,2138958
2014-09-17,70.36,71.04,68.28,70.09,1863057
2014-09-18,69.84,72.59,69.34,72.16,1569450
2014-09-19,72.88,72.88,70.52,70.73,1123725
2014-09-22,70.65,71.84,70.24,71.56,1160523
2014-09-23,71.39,72.01,70.03,70.35,1003890
2014-09-24,70.25,71.3,67.91,70.96,1210853
2014-09-25,70.39,71.82,67.21,67.99,1701302
2014-09-26,67.41,70.96,66.69,70.3,1261574
2014-09-29,69.79,71.52,68.96,69.56,1199516
2014-09-30,68.88,72.13,68.48,71.43,1855940
2014-10-01,72.59,73.14,71.48,72.36,1481613
2014-10-07,73.32,73.48,71.47,71.86,2114213
2014-10-08,72.44,76.2,71.75,75.84,3101088
2014-10-09,76.44,77.18,75.12,75.8,2261339
2014-10-10,76.64,77.24,75.11,75.35,2227775
2014-10-13,75.4,76.1,73.9,75.36,1781636
2014-10-14,75.53,75.84,73.48,73.72,1542153
2014-10-16,74.36,76.72,72.74,73.51,2220317
2014-10-17,73.92,74.44,72.22,72.84,1721225
2014-10-20,78.83,79.24,76.5,78.22,7822718
2014-10-21,78.22,78.22,76.49,76.9,2111622
2014-10-22,77.4,78.07,76.54,77.44,1569809
2014-10-23,77.78,78.32,77.58,78.01,184931
2014-10-27,78.2,78.47,75.86,76.42,1360340
2014-10-28,76.52,77.75,75.76,76.76,1459431
2014-10-29,77.38,78.18,76.64,77.01,1632651
2014-10-30,77.04,77.63,76.12,77.36,1658669
2014-10-31,77.48,79.44,77.07,78.58,1913576
2014-11-03,79.11,80.44,78.56,79.33,1223424
2014-11-05,80.44,81.78,80.12,80.93,2141837
2014-11-07,80.93,86.26,80.89,84.61,3520107
2014-11-10,85.17,86.92,84.47,85.72,2756270
2014-11-11,86.29,86.72,84.81,85.56,2102699
2014-11-12,86.07,87.33,85.33,85.72,1695197
2014-11-13,85.61,85.61,79.84,80.34,3902411
2014-11-14,82.96,84.0,81.3,82.24,4310633
2014-11-17,82.44,83.33,79.74,81.46,1614321
2014-11-18,80.98,82.18,79.32,79.6,1314725
2014-11-19,79.85,81.72,78.79,79.45,1564308
2014-11-20,79.82,80.4,78.04,79.08,818249
2014-11-21,78.89,80.58,78.88,79.19,1108652
2014-11-24,78.87,79.69,77.78,78.37,946745
2014-11-25,78.22,79.52,77.65,78.17,1229730
2014-11-26,78.52,79.17,77.96,78.49,954318
2014-11-27,78.44,81.78,78.44,81.12,3074528
2014-11-28,83.56,93.0,83.4,88.38,8583530
2014-12-01,91.12,91.4,88.74,89.41,3866564
2014-12-02,88.15,88.64,85.64,87.8,2590343
2014-12-03,87.67,88.25,85.44,85.82,1752278
2014-12-04,85.92,87.26,85.05,86.36,1056858
2014-12-05,86.81,87.05,83.51,84.42,580440
2014-12-08,85.03,86.21,83.76,84.15,1261391
2014-12-09,84.89,88.0,84.6,86.3,3998192
2014-12-10,86.8,87.05,84.84,85.08,1329554
2014-12-11,85.92,87.05,84.06,84.53,1712660
2014-12-12,85.26,85.78,82.67,83.29,1313094
2014-12-15,83.19,84.43,79.74,80.18,1453727
2014-12-16,80.15,83.72,79.84,81.67,2805632
2014-12-17,82.19,82.96,80.29,81.42,1854590
2014-12-18,81.64,86.42,81.64,85.32,2403881
2014-12-19,85.98,86.52,84.37,84.62,1760816
2014-12-22,84.62,85.02,83.8,84.76,1219394
2014-12-23,84.87,85.76,83.56,83.82,722616
2014-12-24,83.81,84.18,80.75,81.37,2886233
2014-12-26,81.85,82.01,79.31,80.17,1303457
2014-12-29,80.59,81.49,80.16,80.62,830156
2014-12-30,81.47,82.01,80.5,81.47,676064
2014-12-31,81.04,81.74,80.18,81.1,806007
2015-01-01,81.48,82.49,80.83,81.56,764774
2015-01-02,81.04,82.2,80.59,80.92,748355
2015-01-05,80.46,83.56,80.46,83.21,1375695
2015-01-06,84.19,85.39,81.29,82.39,3120162
2015-01-07,82.86,84.92,81.65,84.24,1896470
2015-01-08,85.33,89.26,84.68,88.6,2800346
2015-01-09,89.77,89.77,86.46,87.27,1332381
2015-01-12,88.11,88.11,86.02,86.67,984471
2015-01-13,87.49,88.99,86.53,87.12,1559013
2015-01-14,87.48,87.78,84.59,84.92,1323429
2015-01-15,85.85,87.67,84.32,85.92,1168406
2015-01-16,86.22,86.75,84.46,84.76,1148507
2015-01-19,83.7,84.44,82.19,82.89,1924205
2015-01-20,83.04,84.59,83.04,83.71,1191840
2015-01-21,83.56,84.69,83.47,84.04,1353462
2015-01-22,83.78,84.8,82.59,82.87,1075344
2015-01-23,83.7,86.59,82.84,85.57,2321046
2015-01-27,85.92,86.29,84.09,84.83,1939556
2015-01-28,84.89,88.8,84.64,88.47,1862196
2015-01-29,89.18,94.93,89.04,94.31,4877655
2015-01-30,95.19,98.59,93.92,97.47,2931915
2015-02-02,95.7,98.33,92.64,93.16,2330127
2015-02-03,93.78,93.78,88.12,88.81,2529296
2015-02-04,88.51,90.32,86.49,89.22,3371594
2015-02-05,89.73,93.18,88.41,89.67,2111798
2015-02-06,89.14,90.36,85.79,86.46,1278114
2015-02-09,85.78,87.56,84.17,85.15,1912781
2015-02-10,84.72,86.98,84.44,86.4,1310154
2015-02-11,87.4,89.27,86.12,88.62,1157699
2015-02-12,89.63,90.89,87.89,88.51,974201
2015-02-13,88.74,93.79,87.36,92.74,2376773
2015-02-16,92.74,95.36,87.92,88.46,2762789
2015-02-18,88.52,89.32,86.35,87.35,2310312
2015-02-19,88.15,89.18,86.74,88.13,1828274
2015-02-20,88.25,90.11,87.41,89.11,2227325
2015-02-23,89.56,90.37,87.15,88.24,1110419
2015-02-24,88.76,90.29,87.85,89.98,1126787
2015-02-25,90.37,91.92,89.3,91.0,1971566
2015-02-26,91.11,91.18,87.11,88.12,2886059
2015-02-27,88.74,90.22,87.42,89.76,1086012
2015-02-28,90.12,92.72,86.98,91.93,1749527
2015-03-02,93.33,97.78,93.33,96.96,2798399
2015-03-03,97.28,98.67,95.85,97.2,1154280
2015-03-04,97.77,99.25,93.58,94.48,1794800
2015-03-05,94.38,96.37,94.07,95.27,1229081
2015-03-09,95.46,95.63,93.5,93.81,704585
2015-03-10,94.12,95.69,93.45,94.23,1453586
2015-03-11,94.52,95.38,91.2,91.74,844599
2015-03-12,91.69,93.18,91.56,92.47,924356
2015-03-13,93.04,95.06,91.59,92.28,1239260
2015-03-16,93.22,94.12,92.04,92.96,948956
2015-03-17,94.64,95.33,93.18,93.8,1562277
2015-03-18,94.51,98.44,94.07,96.8,1752086
2015-03-19,97.48,98.22,94.81,95.63,1596983
2015-03-20,95.85,95.85,92.44,93.04,1004174
2015-03-23,93.29,94.21,91.87,92.34,1030802
2015-03-24,92.07,94.29,92.0,93.72,1294617
2015-03-25,93.78,95.17,92.41,93.2,1638107
2015-03-26,92.89,94.52,90.68,91.16,1312592
2015-03-27,91.82,92.38,89.63,91.79,698325
2015-03-30,92.86,94.89,92.47,92.94,1135829
2015-03-31,93.6,97.8,93.04,96.27,2087276
2015-04-01,96.6,98.47,95.76,96.8,1144869
2015-04-06,97.78,98.06,96.29,97.04,772637
2015-04-07,96.74,97.0,94.96,95.33,901125
2015-04-08,95.7,100.58,95.06,99.67,2285453
2015-04-09,100.89,101.39,98.25,98.71,1624230
2015-04-10,98.96,100.36,97.98,98.18,1220589
2015-04-13,98.84,99.0,96.72,96.95,1144890
2015-04-15,96.95,98.4,95.11,95.97,1478451
2015-04-16,95.85,95.85,93.33,93.86,1735980
2015-04-17,93.91,95.29,93.51,94.25,1049597
2015-04-20,94.15,95.25,92.89,94.09,1587189
2015-04-21,94.52,95.36,92.52,93.26,1224735
2015-04-22,93.6,96.29,93.38,95.95,2045762
2015-04-23,96.74,97.29,94.84,95.59,1309391
2015-04-24,95.11,95.99,91.88,92.56,856517
2015-04-27,92.62,93.04,86.67,88.17,1521332
2015-04-28,88.86,92.58,88.47,92.0,1638702
2015-04-29,91.56,92.29,90.52,91.63,680976
2015-04-30,91.11,94.64,90.37,92.61,2277632
2015-05-04,94.07,94.44,91.18,93.33,793859
2015-05-05,93.33,94.22,92.16,93.15,685092
2015-05-06,92.18,92.56,87.32,88.01,1275965
2015-05-07,87.78,89.0,82.38,83.73,1719728
2015-05-08,85.78,89.47,85.63,87.63,1694309
2015-05-11,88.15,90.37,87.78,89.7,911387
2015-05-12,89.79,90.04,86.24,86.87,1540614
2015-05-13,87.36,87.64,83.7,86.54,1172003
2015-05-14,87.18,89.21,85.86,88.75,1340237
2015-05-15,89.63,90.07,88.32,89.44,921777
2015-05-18,91.11,93.76,90.42,93.08,1462610
2015-05-19,92.9,93.75,91.85,93.13,904469
2015-05-20,94.07,95.38,92.74,93.35,799182
2015-05-21,93.02,93.56,90.93,91.2,1138457
2015-05-22,90.81,92.44,90.52,90.82,611784
2015-05-25,90.81,93.09,90.74,92.06,772770
2015-05-26,92.52,92.52,90.07,91.24,624227
2015-05-27,91.85,93.62,91.26,93.33,1270691
2015-05-28,93.91,95.23,92.69,94.2,2608709
2015-05-29,97.96,100.58,96.59,99.98,2801762
2015-06-01,99.98,103.37,98.07,102.89,1728851
2015-06-02,102.56,103.64,100.49,100.88,1320396
2015-06-03,100.92,102.95,97.72,99.96,1553468
2015-06-04,100.72,101.12,98.78,100.54,1741332
2015-06-05,101.33,102.51,100.09,101.18,1373385
2015-06-08,101.17,102.15,99.0,99.28,665631
2015-06-09,99.26,103.91,98.98,103.36,1726064
2015-06-10,103.08,104.8,102.25,103.46,1251278
2015-06-11,103.4,104.54,101.92,102.38,1070016
2015-06-12,101.65,103.67,100.84,102.08,778400
2015-06-15,102.56,103.82,102.04,102.61,899720
2015-06-16,102.92,105.33,102.72,104.14,2386427
2015-06-17,104.48,104.89,102.43,102.8,842697
2015-06-18,103.32,106.65,103.32,105.86,1185447
2015-06-19,106.22,109.18,105.23,108.6,1692446
2015-06-22,109.18,109.63,107.96,108.85,1191920
2015-06-23,109.46,110.49,108.01,109.24,1023585
2015-06-24,109.32,110.15,107.14,107.53,967496
2015-06-25,107.29,109.38,107.2,107.68,1142150
2015-06-26,107.7,109.4,107.2,108.3,765503
2015-06-29,107.56,109.92,106.09,108.01,1797981
2015-06-30,108.15,109.6,107.52,108.02,903264
2015-07-01,108.89,110.06,107.86,109.41,888968
2015-07-02,110.52,116.07,110.4,115.65,3512085
2015-07-03,115.69,116.42,113.92,114.36,1177067
2015-07-06,114.96,119.4,114.89,118.52,2001737
2015-07-07,120.03,122.95,118.64,122.15,3545717
2015-07-08,122.07,125.63,121.29,121.95,2779182
2015-07-09,122.22,122.8,118.31,119.27,1661651
2015-07-10,119.02,120.73,116.86,119.15,1842872
2015-07-13,120.07,122.07,119.29,121.61,1045718
2015-07-14,121.92,127.01,121.74,125.75,1951220
2015-07-15,125.75,126.78,123.77,125.78,1306991
2015-07-16,126.07,129.44,126.07,128.72,1373162
2015-07-17,128.89,130.56,127.69,128.68,1034555
2015-07-20,129.78,130.53,128.81,130.09,1088573
2015-07-21,130.38,130.93,128.59,129.24,1392141
2015-07-22,128.89,134.67,128.81,133.6,2156531
2015-07-23,134.67,136.0,133.32,133.98,1698072
2015-07-24,134.65,137.18,134.14,135.3,1872780
2015-07-27,135.3,137.39,135.21,136.36,1967504
2015-07-28,137.18,139.01,136.46,138.56,2004578
2015-07-29,138.95,140.2,136.12,137.86,1835478
2015-07-30,137.92,140.0,136.24,139.1,2362032
2015-07-31,139.26,139.99,135.59,136.54,1471722
2015-08-03,138.81,138.81,133.22,134.69,2082708
2015-08-04,136.23,136.95,134.25,135.56,1521540
2015-08-05,136.29,136.8,133.29,134.45,1002758
2015-08-06,134.16,136.26,133.92,134.62,799406
2015-08-07,135.12,145.11,134.9,143.77,2862953
2015-08-10,144.87,146.8,141.78,142.78,2024918
2015-08-11,143.98,144.71,137.09,141.33,2522771
2015-08-12,141.48,142.24,129.36,130.67,5115749
2015-08-13,130.96,132.4,127.29,130.12,2601855
2015-08-14,131.84,132.09,128.95,129.6,1417278
2015-08-17,130.33,132.07,127.44,128.27,3163103
2015-08-18,128.99,132.96,128.47,131.57,1678899
2015-08-19,131.76,133.18,129.29,129.99,1043258
2015-08-20,131.7,132.56,127.68,128.73,1657100
2015-08-21,126.81,128.52,122.12,127.47,1293842
2015-08-24,123.99,124.52,112.67,114.38,2300168
2015-08-25,116.89,124.07,111.48,121.67,3059262
2015-08-26,121.63,124.67,119.18,119.71,1312868
2015-08-27,121.48,124.41,120.5,123.16,3595994
2015-08-28,122.77,125.17,121.0,122.83,2454855
2015-08-31,122.52,125.78,121.04,124.96,1980146
2015-09-01,124.72,124.72,119.15,120.72,1339364
2015-09-02,119.56,120.15,116.16,116.94,1095911
2015-09-03,118.07,119.4,114.64,118.36,1282406
2015-09-04,118.07,119.11,113.78,116.04,1117178
2015-09-07,116.27,117.78,113.34,113.98,892731
2015-09-08,114.95,114.95,110.52,113.2,1518968
2015-09-09,114.67,118.13,114.32,116.24,1633038
2015-09-10,116.03,119.07,114.84,116.99,1480076
2015-09-11,118.21,118.87,115.75,116.8,794516
2015-09-14,118.07,120.29,117.56,119.52,955733
2015-09-15,119.88,121.04,118.22,119.52,852560
2015-09-16,119.91,120.48,114.37,114.92,1077179
2015-09-18,116.44,116.44,111.64,112.56,1941485
2015-09-21,112.59,114.22,111.56,113.64,970325
2015-09-22,114.67,116.22,112.36,113.57,1510715
2015-09-23,112.29,117.4,112.27,116.87,1391957
2015-09-24,117.33,118.27,114.45,115.02,1799543
2015-09-28,115.54,115.92,113.23,115.1,1095314
2015-09-29,114.22,114.38,111.4,113.41,1043003
2015-09-30,114.09,116.75,113.42,114.66,1604750
2015-10-01,115.7,117.16,113.9,115.03,1148846
2015-10-05,115.85,116.29,113.92,116.06,975225
2015-10-06,116.29,120.51,116.13,119.54,1478027
2015-10-07,118.81,119.04,116.0,117.18,1079699
2015-10-08,117.76,118.36,115.89,116.96,1006136
2015-10-09,117.04,117.33,113.2,113.89,1185276
2015-10-12,114.06,115.24,112.59,113.1,1088105
2015-10-13,114.21,115.25,113.59,114.2,1092144
2015-10-14,114.67,114.67,112.82,113.18,935094
2015-10-15,114.0,117.2,113.63,116.36,1297382
2015-10-16,117.75,120.12,117.2,119.2,1780430
2015-10-19,119.7,121.4,119.14,120.86,1223336
2015-10-20,121.78,122.81,121.0,121.97,1419512
2015-10-21,122.22,122.72,118.0,118.78,1085960
2015-10-23,119.56,120.1,117.29,118.16,921671
2015-10-26,118.52,118.96,114.49,114.66,1179974
2015-10-27,114.67,115.98,114.3,115.36,923469
2015-10-28,116.29,116.29,113.33,113.6,1088519
2015-10-29,112.87,113.18,111.87,112.15,2328321
2015-10-30,112.59,115.21,112.29,113.84,1346909
2015-11-02,114.09,116.43,114.03,116.04,1105061
2015-11-03,116.0,117.04,114.72,116.29,745217
2015-11-04,115.58,119.7,115.58,117.21,1668155
2015-11-05,117.76,117.85,114.98,116.64,893214
2015-11-06,116.15,118.07,116.15,116.85,444141
2015-11-09,114.81,118.49,113.07,117.8,1012479
2015-11-10,115.88,117.52,107.7,108.74,2805977
2015-11-11,110.0,110.52,108.89,110.16,162372
2015-11-13,110.37,113.62,109.48,113.18,1879397
2015-11-16,113.35,115.8,113.26,115.23,1320822
2015-11-17,115.85,116.0,113.45,114.24,596288
2015-11-18,114.47,115.04,113.24,113.63,536793
2015-11-19,114.81,117.8,113.64,117.38,822744
2015-11-20,116.89,119.6,116.18,118.62,1148633
2015-11-23,118.62,120.12,117.3,118.24,537051
2015-11-24,118.51,121.09,117.35,120.02,904955
2015-11-26,119.7,121.17,118.6,119.07,1068689
2015-11-27,119.4,120.89,118.78,120.33,837459
2015-11-30,120.74,125.74,120.47,124.46,1537980
2015-12-01,124.76,126.07,124.29,125.52,1088309
2015-12-02,125.92,126.93,124.09,125.03,1042607
2015-12-03,125.63,125.78,123.3,123.65,672086
2015-12-04,122.99,123.69,121.38,121.67,644124
2015-12-07,122.96,125.63,122.96,124.34,766041
2015-12-08,125.33,126.04,122.84,123.6,683013
2015-12-09,123.54,123.56,119.48,119.91,666642
2015-12-10,119.4,123.52,118.15,122.87,1043426
2015-12-11,122.98,124.89,121.1,122.33,1232519
2015-12-14,122.95,122.99,120.21,120.93,649434
2015-12-15,120.89,122.7,119.81,120.21,1076993
2015-12-16,122.22,124.6,121.48,122.76,1218713
2015-12-17,123.7,124.43,122.38,123.0,789989
2015-12-18,123.09,125.12,122.67,123.07,911582
2015-12-21,123.07,124.0,122.44,123.32,556070
2015-12-22,123.42,124.4,122.67,123.26,564264
2015-12-23,123.7,125.33,123.0,125.04,528437
2015-12-24,125.44,125.89,124.48,125.28,569000
2015-12-28,125.33,125.61,124.2,124.88,537570
2015-12-29,126.07,126.74,124.59,124.95,662246
2015-12-30,124.74,125.47,123.2,123.61,497795
2015-12-31,123.69,125.04,123.18,123.88,2928521
2016-01-01,124.44,127.14,124.25,126.49,506903
2016-01-04,125.02,127.69,123.91,126.88,848793
2016-01-05,126.9,127.6,124.81,126.91,1141673
2016-01-06,126.37,131.2,126.37,130.61,1767422
2016-01-07,130.22,131.59,126.26,127.2,1126673
2016-01-08,127.85,132.89,127.84,131.49,842468
2016-01-11,131.85,131.91,129.18,129.86,660993
2016-01-12,129.64,131.11,128.29,128.66,827699
2016-01-13,129.25,130.63,124.89,129.13,898067
2016-01-14,127.35,133.58,126.53,131.18,1244630
2016-01-15,131.97,134.81,130.59,131.31,1260725
2016-01-18,130.37,132.39,120.25,121.84,1450706
2016-01-19,122.74,124.15,119.2,122.13,936867
2016-01-20,121.66,121.78,115.95,119.36,904394
2016-01-21,120.84,121.33,115.65,117.85,887888
2016-01-22,118.07,121.52,117.73,118.29,862212
2016-01-25,118.89,119.26,115.18,117.0,625376
2016-01-27,117.48,120.59,117.24,118.09,1073795
2016-01-28,118.47,122.67,117.67,121.04,3716643
2016-01-29,120.32,123.3,120.15,120.88,1424259
2016-02-01,120.6,121.24,118.52,119.49,977451
2016-02-02,119.48,120.35,115.8,116.2,1227756
2016-02-03,115.56,117.12,113.05,113.92,1414446
2016-02-04,114.35,114.35,106.37,108.52,2502689
2016-02-05,109.48,112.76,108.45,110.87,1389744
2016-02-08,110.87,111.61,109.08,109.96,811454
2016-02-09,109.47,110.89,107.26,107.66,665498
2016-02-10,106.84,108.43,105.37,107.09,823347
2016-02-11,105.92,105.92,100.52,101.22,1257659
2016-02-12,103.11,103.11,96.64,102.16,2157905
2016-02-15,106.67,111.24,106.67,107.94,1322459
2016-02-16,108.15,108.49,101.34,102.43,1039136
2016-02-17,102.98,105.32,100.64,104.97,1315269
2016-02-18,105.33,106.36,101.51,103.75,1009967
2016-02-19,103.56,103.67,97.85,98.52,1584105
2016-02-22,99.01,100.74,97.05,100.24,1205349
2016-02-23,100.59,100.59,94.52,95.35,1189191
2016-02-24,95.85,98.16,95.04,96.77,1775877
2016-02-25,97.32,97.32,94.09,95.09,3048524
2016-02-26,96.89,98.41,94.81,97.98,1283000
2016-02-29,97.63,105.38,95.32,101.92,3035399
2016-03-01,102.0,107.26,101.18,106.86,1640288
2016-03-02,107.4,111.54,106.96,108.26,2076255
2016-03-03,109.57,109.57,106.31,108.23,1093935
2016-03-04,108.44,111.39,107.7,110.84,1030092
2016-03-08,111.39,113.6,108.89,111.33,1348661
2016-03-09,110.37,111.63,108.59,109.72,974700
2016-03-10,109.78,110.89,106.37,106.68,1133126
2016-03-11,107.26,109.27,107.02,107.93,807686
2016-03-14,108.43,109.16,106.35,107.09,817505
2016-03-15,107.4,110.12,106.84,109.69,1416179
2016-03-16,109.32,109.32,107.61,108.75,944376
2016-03-17,110.1,113.33,109.63,112.38,1933545
2016-03-18,112.78,112.78,110.16,110.75,868653
2016-03-21,111.7,113.8,111.04,113.14,931319
2016-03-22,113.0,115.71,112.29,113.79,1305432
2016-03-23,114.07,114.34,110.52,110.89,908495
2016-03-28,111.35,113.02,109.66,111.16,857913
2016-03-29,111.26,115.15,111.26,113.98,1412699
2016-03-30,114.37,118.47,113.78,116.49,1772876
2016-03-31,117.78,119.38,115.87,116.7,1625349
2016-04-01,116.15,118.19,114.89,117.6,777011
2016-04-04,118.36,118.5,116.44,117.16,594945
2016-04-05,118.52,120.69,117.29,118.24,1474805
2016-04-06,119.26,121.76,117.05,121.05,1095569
2016-04-07,120.89,122.64,120.15,121.05,757553
2016-04-08,121.05,121.52,119.53,120.9,583488
2016-04-11,120.16,124.2,120.15,123.89,570914
2016-04-12,124.44,125.36,122.64,123.31,585498
2016-04-13,123.78,126.92,122.74,125.98,890568
2016-04-18,127.4,129.37,126.18,128.72,697998
2016-04-20,128.89,129.04,124.31,125.32,1433687
2016-04-21,125.89,129.04,125.21,126.87,1091799
2016-04-22,126.52,127.69,125.49,126.18,760148
2016-04-25,125.92,127.91,125.04,127.49,381467
2016-04-26,127.11,128.47,126.67,126.96,487724
2016-04-27,126.52,128.8,126.12,127.12,411632
2016-04-28,126.67,127.94,122.76,123.16,903243
2016-04-29,122.44,124.87,120.83,123.52,791864
2016-05-02,125.04,125.59,123.27,124.62,552110
2016-05-03,125.48,125.48,122.47,123.72,819419
2016-05-04,123.04,125.09,122.72,123.09,569889
2016-05-05,123.4,123.48,119.73,121.35,610697
2016-05-06,120.74,124.89,120.38,124.48,787259
2016-05-09,125.18,125.18,120.74,123.18,630962
2016-05-10,124.29,125.07,122.26,122.94,525764
2016-05-11,122.22,124.51,120.43,124.04,869993
2016-05-12,124.41,124.85,121.7,122.95,944321
2016-05-13,123.11,124.44,122.32,123.3,1016369
2016-05-16,122.96,124.15,121.48,123.85,792719
2016-05-17,124.89,126.96,124.44,124.83,1416174
2016-05-18,124.44,125.92,123.42,124.86,582858
2016-05-19,124.44,126.16,123.57,124.18,506783
2016-05-20,124.34,125.07,122.09,123.29,443141
2016-05-23,123.7,125.0,121.12,122.84,511916
2016-05-24,122.07,123.97,118.64,119.64,934214
2016-05-25,120.89,125.16,119.32,124.59,912038
2016-05-26,124.44,126.47,122.3,125.87,796157
2016-05-27,128.15,141.32,127.85,138.02,6298527
2016-05-30,138.96,140.01,134.82,135.32,2194107
2016-05-31,135.56,137.44,134.01,134.29,1441823
2016-06-01,136.29,136.59,133.49,134.19,978782
2016-06-02,134.19,136.23,133.48,135.19,692526
2016-06-03,136.29,139.26,135.42,138.38,1571045
2016-06-06,137.48,139.78,136.28,136.63,911037
2016-06-07,137.61,137.63,133.78,134.21,671538
2016-06-08,134.96,135.44,133.47,133.88,768821
2016-06-09,134.71,135.51,132.81,133.41,728432
2016-06-10,133.92,134.52,131.73,132.31,478523
2016-06-13,132.29,134.2,131.43,133.06,1059960
2016-06-14,133.89,133.97,130.88,131.5,573218
2016-06-15,132.1,136.58,132.04,136.15,1181690
2016-06-16,136.74,137.0,134.25,135.96,892932
2016-06-17,136.59,137.18,135.26,136.5,543936
2016-06-20,135.6,137.47,134.6,136.54,637422
2016-06-21,136.29,138.28,135.85,138.0,1018037
2016-06-22,138.37,138.67,135.9,137.11,618635
2016-06-23,137.48,141.84,136.89,141.27,1184087
2016-06-24,137.78,141.32,137.04,138.59,927467
2016-06-27,138.95,145.81,138.89,144.34,1276616
2016-06-28,144.89,147.84,144.78,147.22,1421517
2016-06-29,147.4,148.88,145.4,146.22,1004792
2016-06-30,146.22,148.29,145.67,147.59,1504031
2016-07-01,147.12,152.74,147.12,151.3,1403307
2016-07-04,151.79,154.65,151.79,153.42,2170532
2016-07-05,152.96,155.7,152.15,153.0,957479
2016-07-07,153.63,154.4,151.8,153.04,515129
2016-07-08,154.07,154.36,151.82,152.45,777104
2016-07-11,153.92,156.99,152.74,156.45,1293131
2016-07-12,157.02,162.81,156.31,157.87,3615257
2016-07-13,156.68,159.23,155.02,155.4,943511
2016-07-14,155.97,159.15,155.16,158.65,842780
2016-07-15,159.11,159.97,156.91,158.27,588965
2016-07-18,158.27,161.48,156.51,157.09,944370
2016-07-19,157.77,165.44,157.33,164.22,1479699
2016-07-20,164.16,168.12,164.16,166.07,1353552
2016-07-21,180.0,180.0,170.52,171.84,4168419
2016-07-22,172.74,174.22,169.89,173.38,1456118
2016-07-25,175.12,181.44,175.12,180.4,2012190
2016-07-26,180.74,182.19,178.69,179.32,1092680
2016-07-27,180.04,185.67,180.04,184.29,1688445
2016-07-28,183.64,185.04,180.76,182.13,2452589
2016-07-29,182.2,189.27,182.03,186.92,2268896
2016-08-01,188.59,190.22,185.2,187.85,1289114
2016-08-02,189.55,189.62,182.97,184.04,1286555
2016-08-03,183.33,183.41,179.01,180.68,1250405
2016-08-04,181.66,182.22,175.38,178.67,1936238
2016-08-05,180.74,186.98,179.65,186.32,1861772
2016-08-08,188.89,195.84,188.43,194.88,2259522
2016-08-09,195.56,196.74,188.01,188.63,2150852
2016-08-10,189.7,190.96,180.47,181.48,2716784
2016-08-11,182.22,185.58,174.38,179.66,3687615
2016-08-12,179.91,182.14,176.29,177.56,1898345
2016-08-16,177.48,183.85,176.53,181.03,1825604
2016-08-17,179.74,182.96,179.4,180.49,1305143
2016-08-18,182.07,182.22,179.61,181.91,1156422
2016-08-19,181.48,184.43,180.07,183.66,1140515
2016-08-22,184.74,185.39,178.52,180.02,1576905
2016-08-23,179.26,179.26,169.04,170.47,5456867
2016-08-24,172.19,174.18,169.42,173.52,2597249
2016-08-25,174.81,174.96,172.15,173.32,2743340
2016-08-26,173.65,175.72,173.32,174.87,1141703
2016-08-29,174.87,175.96,174.07,175.29,792692
2016-08-30,176.0,177.16,175.56,176.18,902660
2016-08-31,176.97,182.1,176.09,180.55,1563288
2016-09-01,182.8,183.07,178.4,179.32,1115957
2016-09-02,180.43,182.96,178.49,182.47,1312575
2016-09-06,183.7,186.36,182.23,185.69,1642929
2016-09-07,186.37,187.84,183.87,185.17,1502162
2016-09-08,185.9,186.89,184.46,185.49,2038520
2016-09-09,185.18,188.27,184.53,185.29,2329640
2016-09-12,183.09,183.77,175.89,177.74,3136958
2016-09-14,179.53,181.49,175.89,177.42,5969489
2016-09-15,178.18,179.11,173.11,176.38,3463460
2016-09-16,178.4,179.98,174.47,177.93,6746348
2016-09-19,178.44,179.96,177.33,179.31,2249226
2016-09-20,179.56,180.44,177.6,178.64,1949897
2016-09-21,179.51,182.11,177.8,179.47,3480935
2016-09-22,180.84,183.78,180.42,183.29,3285225
2016-09-23,183.69,188.0,183.22,185.96,3516695
2016-09-26,186.22,191.11,183.78,190.64,4232651
2016-09-27,192.44,193.24,187.64,188.93,3540888
2016-09-28,190.24,192.16,188.36,189.96,2527958
2016-09-29,189.8,191.76,182.04,184.31,4731710
2016-09-30,184.44,190.09,182.22,188.42,2359784
2016-10-03,189.24,193.11,189.24,192.22,2126841
2016-10-04,193.33,195.0,191.4,193.02,2374826
2016-10-05,191.8,194.38,188.96,193.38,2663007
2016-10-06,194.44,204.44,193.82,200.69,5474157
2016-10-07,203.47,205.73,195.64,197.18,4212545
2016-10-10,199.07,199.98,193.49,194.73,2277216
2016-10-13,194.73,199.33,187.33,191.36,3713189
2016-10-14,192.89,196.24,190.47,194.78,2821044
2016-10-17,196.89,197.98,192.18,194.2,2849771
2016-10-18,196.4,196.4,192.33,195.29,2221719
2016-10-19,196.62,198.87,192.98,197.96,3242874
2016-10-20,199.53,199.53,195.6,197.18,2425466
2016-10-21,197.29,200.6,196.82,199.82,2235290
2016-10-24,201.11,203.76,198.91,203.2,2339165
2016-10-25,203.11,206.22,200.69,205.78,2516682
2016-10-26,205.24,206.02,202.47,204.07,1975037
2016-10-27,203.69,205.13,198.76,201.42,2520908
2016-10-28,201.78,209.53,200.89,207.29,2068454
2016-10-30,207.11,209.51,207.11,207.67,268085
2016-11-01,208.89,209.2,205.11,206.6,2447639
2016-11-02,204.0,204.67,200.36,201.33,1415561
2016-11-03,203.27,204.18,193.49,194.33,2397153
2016-11-04,194.67,196.62,187.4,193.4,2570274
2016-11-07,196.89,201.76,196.89,197.76,2244548
2016-11-08,198.67,201.0,197.78,200.44,1920896
2016-11-09,184.89,200.44,182.67,200.02,5142662
2016-11-10,202.22,207.53,200.44,205.6,3822449
2016-11-11,200.22,203.33,195.38,199.47,4924919
2016-11-15,199.47,203.47,179.53,197.44,14224298
2016-11-16,199.11,203.73,196.6,197.31,5275350
2016-11-17,198.78,201.76,195.8,197.13,4450457
2016-11-18,198.13,205.93,197.36,204.53,5815182
2016-11-21,205.44,206.91,194.02,196.42,4374896
2016-11-22,198.22,202.07,196.69,200.49,4165814
2016-11-23,200.44,203.11,197.27,201.84,3805352
2016-11-24,200.29,202.98,195.78,200.96,6836382
2016-11-25,201.78,206.67,201.13,205.36,2673437
2016-11-28,206.0,214.84,205.6,213.69,5936804
2016-11-29,213.82,216.18,209.02,211.27,6309962
2016-11-30,212.44,212.93,206.89,209.42,44957808
2016-12-01,204.93,206.78,196.51,198.67,6820367
2016-12-02,196.44,197.73,191.64,193.84,4863644
2016-12-05,192.98,195.78,189.78,192.02,3099038
2016-12-06,193.31,197.04,192.76,194.8,3111066
2016-12-07,196.27,199.96,195.56,199.04,3735413
2016-12-08,201.71,202.22,198.8,201.44,1778802
2016-12-09,202.93,204.71,196.69,201.91,4005764
2016-12-12,199.2,199.51,191.73,192.69,3711162
2016-12-13,193.6,195.98,192.33,195.4,2070797
2016-12-14,196.09,197.27,192.44,192.89,2161137
2016-12-15,192.87,196.24,186.11,189.78,5533844
2016-12-16,187.6,190.33,185.64,189.29,4267214
2016-12-19,190.89,192.91,187.78,188.67,3891923
2016-12-20,188.89,190.27,186.49,187.76,2375085
2016-12-21,187.91,189.11,185.09,187.53,2365874
2016-12-22,187.91,188.18,184.49,185.8,1484825
2016-12-23,185.6,188.78,185.07,186.91,1788239
2016-12-26,186.67,187.16,182.22,183.69,2125904
2016-12-27,183.82,189.27,183.38,188.64,1978226
2016-12-28,188.89,191.96,185.8,186.47,3288038
2016-12-29,186.67,192.69,186.49,190.89,5027552
2016-12-30,191.8,196.98,190.16,196.13,2911047
2017-01-02,197.31,201.18,196.33,200.0,2857865
2017-01-03,200.0,208.2,200.0,206.36,4036374
2017-01-04,205.56,207.91,200.64,204.87,2943290
2017-01-05,204.78,210.87,204.44,210.2,2485451
2017-01-06,208.89,211.98,206.04,207.42,1823000
2017-01-09,207.11,207.98,202.78,205.78,1695686
2017-01-10,208.93,214.22,208.93,213.0,3376785
2017-01-11,214.22,219.56,212.0,218.09,2563233
2017-01-12,217.82,221.82,215.78,219.62,2431254
2017-01-13,220.89,221.07,214.11,217.29,2154006
2017-01-16,219.2,219.44,216.0,217.58,1854804
2017-01-17,217.58,218.64,212.76,214.38,2278530
2017-01-18,214.51,217.42,213.07,216.89,1491338
2017-01-19,218.07,221.33,218.07,220.02,2172344
2017-01-20,219.78,221.11,217.42,219.0,1733267
2017-01-23,218.71,228.13,217.82,227.51,3004632
2017-01-24,227.56,231.82,227.16,230.2,2749536
2017-01-25,230.13,243.44,228.22,241.98,7962141
2017-01-27,241.13,244.67,236.62,237.82,2513156
2017-01-30,237.69,238.89,233.53,234.71,1606709
2017-01-31,234.62,238.87,229.18,231.71,2799930
2017-02-01,232.4,241.33,231.33,239.49,2434031
2017-02-02,239.96,246.67,239.96,245.36,2597081
2017-02-03,244.84,245.24,239.87,241.71,1988237
2017-02-06,243.11,246.44,242.53,244.98,1768484
2017-02-07,245.04,253.24,244.02,248.51,3455421
2017-02-08,249.51,259.11,248.89,254.73,3208217
2017-02-09,255.96,258.67,254.4,256.4,2261084
2017-02-10,256.84,257.0,250.11,254.07,2776119
2017-02-13,255.07,258.64,252.93,257.02,1891971
2017-02-14,257.78,257.78,240.18,242.73,6198411
2017-02-15,242.67,244.33,230.78,233.4,5945078
2017-02-16,234.67,238.42,231.56,235.64,3388814
2017-02-17,237.78,242.42,234.56,241.33,2630162
2017-02-20,242.73,248.33,241.13,247.64,2303552
2017-02-21,248.44,253.13,247.8,249.96,2614760
2017-02-22,251.11,252.62,244.62,246.13,2708867
2017-02-23,246.67,254.89,246.22,253.78,5320551
2017-02-27,253.78,255.56,247.2,248.76,3169019
2017-02-28,249.22,249.33,235.82,239.0,8487584
2017-03-01,231.42,234.0,226.27,230.47,7078859
2017-03-02,232.89,234.2,224.33,225.58,5937761
2017-03-03,226.6,233.07,222.69,232.53,5698464
2017-03-06,233.42,234.64,228.22,231.29,2930087
2017-03-07,231.56,235.27,230.76,234.58,3233057
2017-03-08,234.2,236.0,227.78,228.91,2840639
2017-03-09,231.16,232.69,228.6,229.2,2982393
2017-03-10,231.11,231.11,226.18,228.02,2980964
2017-03-14,231.76,234.16,229.13,230.64,2785262
2017-03-15,231.09,232.22,227.96,229.07,2779394
2017-03-16,230.33,232.22,228.27,231.24,4109504
2017-03-17,232.0,232.24,226.91,228.16,5928180
2017-03-20,229.29,229.29,226.67,227.27,3418056
2017-03-21,227.96,228.89,224.0,224.53,2807324
2017-03-22,222.62,228.44,221.6,227.09,3626138
2017-03-23,231.2,234.16,230.02,231.89,6287349
2017-03-24,230.13,230.78,228.11,230.27,2617067
2017-03-27,230.64,232.0,229.07,230.36,1559754
2017-03-28,230.22,232.0,229.22,230.49,1196282
2017-03-29,230.53,232.6,229.64,231.0,1678400
2017-03-30,230.56,231.87,228.44,229.91,4689473
2017-03-31,231.11,235.27,230.0,233.62,2710761
2017-04-03,232.84,233.62,229.56,230.49,1235723
2017-04-05,231.2,233.33,229.11,232.6,2416412
2017-04-06,230.67,234.07,230.27,233.13,1485338
2017-04-07,232.44,240.8,231.82,238.13,4305734
2017-04-10,239.91,243.02,239.11,240.98,3314379
2017-04-11,241.78,242.38,238.87,239.33,1561722
2017-04-12,239.58,242.84,232.24,241.09,2753711
2017-04-13,241.51,250.64,239.04,248.53,3935501
2017-04-17,251.49,251.87,246.0,247.49,1847141
2017-04-18,249.84,251.53,244.56,245.91,2773242
2017-04-19,244.09,248.27,241.31,246.18,2788728
2017-04-20,247.91,248.27,244.44,245.98,2014860
2017-04-21,246.67,248.67,245.56,247.6,1825601
2017-04-24,247.91,249.73,243.71,247.33,974370
2017-04-25,248.0,252.89,247.38,248.71,3597095
2017-04-26,248.89,250.33,236.0,238.16,6240629
2017-04-27,239.89,242.84,237.2,241.11,3958571
2017-04-28,242.22,242.98,237.56,238.29,1462701
2017-05-02,239.91,246.18,239.2,245.6,2459517
2017-05-03,247.11,247.89,235.18,235.64,4703147
2017-05-04,237.33,237.53,232.53,236.2,1817573
2017-05-05,239.69,239.69,231.73,232.67,1692257
2017-05-08,232.84,236.84,232.02,236.04,1517795
2017-05-09,237.78,237.78,232.89,234.38,1789422
2017-05-10,235.56,236.67,233.38,235.2,1186676
2017-05-11,234.89,237.29,232.69,234.2,1680962
2017-05-12,234.44,239.69,233.47,238.09,2130693
2017-05-15,239.09,239.47,236.04,238.73,1013060
2017-05-16,237.33,242.2,236.8,240.89,1232150
2017-05-17,241.33,244.4,240.02,241.58,2336436
2017-05-18,241.56,241.56,234.02,237.09,2043902
2017-05-19,236.69,238.4,230.13,231.71,1744817
2017-05-22,232.44,232.71,225.42,226.96,1912404
2017-05-23,227.11,227.93,218.69,222.04,3334106
2017-05-24,220.0,223.11,219.33,222.09,2388779
2017-05-25,222.67,227.47,220.73,226.13,4629692
2017-05-26,225.6,254.62,220.24,252.27,12661268
2017-05-29,253.44,255.47,241.38,243.22,4237526
2017-05-30,242.89,248.44,238.22,246.24,2154281
2017-05-31,246.53,247.51,242.73,246.31,2927562
2017-06-01,246.22,246.22,238.29,240.53,2390099
2017-06-02,241.36,243.22,237.89,238.56,2136488
2017-06-05,239.56,243.87,239.56,240.98,1090004
2017-06-06,240.29,245.56,239.4,242.33,2104949
2017-06-07,244.18,244.18,238.78,240.09,1489142
2017-06-08,242.18,242.24,238.0,239.49,1373454
2017-06-09,239.73,240.49,235.58,239.84,1192424
2017-06-12,240.0,244.31,238.91,242.22,2134221
2017-06-13,242.2,244.6,239.64,240.27,2484185
2017-06-14,238.27,243.82,238.27,242.98,2769249
2017-06-15,243.56,245.02,228.89,230.47,5136329
2017-06-16,231.13,238.4,231.13,235.62,4126568
2017-06-19,237.31,237.31,234.22,235.8,1567616
2017-06-20,235.58,238.4,235.58,237.82,1734396
2017-06-21,238.16,238.64,233.89,235.24,1549860
2017-06-22,233.42,236.44,226.93,227.58,2839980
2017-06-23,228.44,228.91,223.69,225.98,2230473
2017-06-27,226.67,227.11,218.04,223.27,2786432
2017-06-28,224.44,229.38,224.13,227.89,2253848
2017-06-29,226.67,231.07,225.29,225.87,2680214
2017-06-30,225.91,230.53,222.42,226.82,2812538
2017-07-03,227.6,233.33,227.11,229.76,1720869
2017-07-04,230.22,231.87,227.11,227.51,1471637
2017-07-05,228.11,230.62,225.78,229.56,1199313
2017-07-06,229.96,231.56,224.89,226.27,3247805
2017-07-07,224.49,227.42,221.96,222.87,3331878
2017-07-10,228.42,235.47,216.6,227.82,1003509
2017-07-11,226.7,230.0,224.0,226.93,5598926
2017-07-12,228.67,240.3,225.93,239.5,10562526
2017-07-13,244.27,254.67,240.83,250.07,18277224
2017-07-14,250.5,261.33,245.83,258.27,8646729
2017-07-17,255.6,259.3,247.5,251.9,6742028
2017-07-18,250.6,255.83,243.77,245.47,6646085
2017-07-19,248.97,259.67,246.67,255.8,9042860
2017-07-20,246.0,250.97,242.53,245.23,10523282
2017-07-21,245.67,247.63,238.0,245.33,6410655
2017-07-24,247.33,252.33,244.87,246.2,6738638
2017-07-25,246.2,250.0,243.8,249.33,4684581
2017-07-26,249.93,250.3,245.93,247.03,3993398
2017-07-27,246.67,249.87,242.4,244.8,5714268
2017-07-28,245.33,250.2,244.8,249.63,5820167
2017-07-31,250.67,256.17,247.63,255.47,6141528
2017-08-01,255.47,261.23,254.27,257.83,6699744
2017-08-02,258.0,258.67,254.03,256.67,3521141
2017-08-03,258.6,271.67,257.03,264.53,14941091
2017-08-04,264.73,294.67,261.87,288.4,21909401
2017-08-07,285.33,308.27,283.37,305.4,16694877
2017-08-08,301.6,303.67,288.1,290.77,11525643
2017-08-09,284.93,298.13,279.9,286.43,11483370
2017-08-10,282.37,287.6,266.67,274.97,9620840
2017-08-11,272.67,291.8,265.4,286.03,14725589
2017-08-14,289.67,295.1,283.07,292.4,6447579
2017-08-16,290.8,296.0,287.4,290.93,5009496
2017-08-17,292.0,295.77,288.03,289.3,5680911
2017-08-18,288.67,300.53,286.53,294.93,9195719
2017-08-21,298.2,301.63,287.03,289.2,6523320
2017-08-22,289.87,302.77,289.87,299.8,12409968
2017-08-23,303.33,308.4,298.13,305.27,5724185
2017-08-24,304.0,313.93,302.03,310.8,7084710
2017-08-28,312.07,313.23,304.8,308.87,7114874
2017-08-29,311.6,317.0,310.4,311.3,7526348
2017-08-30,314.0,327.57,312.27,323.97,10796385
2017-08-31,324.5,328.53,319.17,325.57,10199178
2017-09-01,327.6,327.6,319.17,321.6,6958470
2017-09-04,321.37,323.43,313.33,317.67,3184790
2017-09-05,318.33,322.0,314.37,321.27,3606330
2017-09-06,319.33,319.33,316.07,317.67,3466271
2017-09-07,319.33,319.8,312.33,312.93,4058595
2017-09-08,311.57,316.2,306.0,307.97,4723082
2017-09-11,311.33,314.17,277.33,310.0,3566558
2017-09-12,312.0,322.6,311.07,321.47,4373597
2017-09-13,322.63,323.6,295.8,305.0,11484099
2017-09-14,316.03,318.63,300.0,306.0,11139879
2017-09-15,306.0,309.27,300.07,302.0,7192302
2017-09-18,305.23,305.7,294.13,299.33,5409686
2017-09-19,299.2,310.0,296.23,307.53,5904278
2017-09-20,308.4,308.4,299.03,301.33,4055478
2017-09-21,301.43,305.33,298.2,301.53,5491824
2017-09-22,300.83,301.33,290.4,292.4,6289964
2017-09-25,291.93,293.03,279.73,283.5,6212063
2017-09-26,282.0,284.93,267.33,277.07,9100196
2017-09-27,279.87,283.97,276.23,278.03,5672801
2017-09-28,277.33,278.6,264.43,277.4,26451636
2017-09-29,279.8,289.63,276.07,284.53,9753344
2017-10-03,290.23,292.2,281.17,289.73,6496740
2017-10-04,298.43,300.9,291.8,296.1,12159908
2017-10-05,296.93,297.33,288.67,290.43,4623453
2017-10-06,290.87,298.83,290.0,296.97,5182806
2017-10-09,296.97,297.83,291.43,293.33,3973101
2017-10-10,294.0,294.6,289.67,291.03,4602225
2017-10-11,292.0,308.47,291.13,303.33,14366040
2017-10-12,305.3,305.93,300.47,304.2,4304627
2017-10-13,304.3,307.27,300.03,306.4,4092717
2017-10-16,307.33,309.87,304.97,306.97,4536032
2017-10-17,306.67,315.93,304.67,313.87,6966159
2017-10-18,313.33,313.37,306.87,308.87,3720062
2017-10-19,310.0,310.3,305.63,306.9,493344
2017-10-23,306.67,313.33,304.37,306.07,4686416
2017-10-24,307.33,312.77,302.07,310.67,4116038
2017-10-25,312.17,313.8,307.43,308.33,3528638
2017-10-26,309.33,322.9,308.13,320.8,8313279
2017-10-27,320.67,321.37,302.67,304.03,7504398
2017-10-30,305.33,311.27,302.3,303.2,3685272
2017-10-31,304.0,306.3,295.47,298.1,9058170
2017-11-01,301.33,301.33,294.4,295.53,5358735
2017-11-02,298.87,300.6,295.4,296.9,5622546
2017-11-03,298.2,298.5,293.4,297.1,3542805
2017-11-06,295.37,296.6,287.23,289.37,4686180
2017-11-07,288.67,298.27,279.0,296.47,13911353
2017-11-08,299.3,299.8,287.17,289.83,5208869
2017-11-09,293.0,297.67,281.77,287.7,13584944
2017-11-10,288.67,290.27,276.57,277.9,9240855
2017-11-13,278.93,282.93,270.83,280.07,6781686
2017-11-14,281.8,281.8,272.53,274.13,6591432
2017-11-15,275.33,281.83,274.37,275.87,5323305
2017-11-16,278.0,279.63,273.33,275.0,3950951
2017-11-17,278.0,280.53,274.0,276.53,6819309
2017-11-20,277.0,278.53,273.17,277.03,3091718
2017-11-21,278.07,281.83,277.33,279.13,3092919
2017-11-22,279.73,280.57,275.0,279.67,4109126
2017-11-23,279.27,286.07,276.97,283.3,5948316
2017-11-24,284.67,289.6,280.67,286.87,6104793
2017-11-27,285.0,285.63,280.0,282.47,4133361
2017-11-28,282.33,283.07,277.47,278.43,3848999
2017-11-29,279.77,280.4,275.23,277.57,4841946
2017-11-30,276.27,280.33,273.73,277.8,9345882
2017-12-01,278.67,279.93,271.0,273.03,3751500
2017-12-04,273.33,276.0,266.67,274.93,4847391
2017-12-05,275.63,278.67,273.4,274.67,4189223
2017-12-06,274.67,274.67,270.0,270.67,4351611
2017-12-07,272.47,276.0,271.07,275.1,3858753
2017-12-08,277.13,286.67,272.9,285.63,8057448
2017-12-11,288.0,290.83,285.5,288.37,4233474
2017-12-12,286.0,286.83,275.33,276.63,6713585
2017-12-13,276.83,285.0,276.83,282.23,7678749
2017-12-14,284.97,292.33,283.33,291.5,8714426
2017-12-15,295.33,297.77,292.77,295.87,7336392
2017-12-18,293.33,296.67,283.6,291.87,4736259
2017-12-19,293.33,293.83,287.67,290.9,3676343
2017-12-20,290.77,291.23,285.67,287.63,3370586
2017-12-21,288.63,289.3,283.87,284.53,3679376
2017-12-22,284.0,287.83,283.67,286.2,3134573
2017-12-26,286.07,288.47,284.8,287.0,3171213
2017-12-27,285.33,286.4,282.23,283.9,2919281
2017-12-28,283.13,285.67,279.33,281.77,5200028
2017-12-29,281.33,283.33,276.87,279.07,3179735
2018-01-01,279.33,280.8,274.93,275.83,3130578
2018-01-02,276.67,276.8,267.33,270.93,5421162
2018-01-03,272.27,277.97,270.6,273.97,4510430
2018-01-04,274.2,280.63,272.33,279.23,4302084
2018-01-05,280.0,281.27,274.27,276.67,5393861
2018-01-08,278.33,282.4,277.87,280.77,3221579
2018-01-09,280.0,280.27,276.07,278.17,3903998
2018-01-10,276.3,285.27,275.5,283.03,5370945
2018-01-11,282.1,282.33,278.47,280.63,3246182
2018-01-12,280.07,286.0,279.4,283.93,5242832
2018-01-15,284.0,290.0,283.57,284.03,4438422
2018-01-16,284.0,286.37,273.07,273.6,8333223
2018-01-17,272.0,281.37,272.0,280.2,5451824
2018-01-18,282.0,282.0,272.8,274.5,4371584
2018-01-19,275.93,279.97,273.03,277.47,4212366
2018-01-22,270.0,276.43,265.57,267.87,14538863
2018-01-23,269.87,270.67,261.33,263.93,7813974
2018-01-24,264.67,264.9,256.83,259.43,13064598
2018-01-25,260.0,263.9,254.97,256.1,13110020
2018-01-29,256.17,257.03,248.9,250.1,21222935
2018-01-30,248.07,266.0,248.07,262.0,13462154
2018-01-31,263.0,267.1,258.8,265.13,10463501
2018-02-01,264.87,273.2,260.13,261.57,7391547
2018-02-02,258.0,260.67,247.33,249.67,5838257
2018-02-05,246.0,258.53,243.47,255.9,8200667
2018-02-06,246.7,254.33,245.8,251.73,8087403
2018-02-07,256.63,272.6,255.0,264.23,14466638
2018-02-08,268.0,272.87,264.67,266.53,10151087
2018-02-09,261.7,270.13,258.17,263.8,17717927
2018-02-12,265.33,265.8,259.53,260.97,6785033
2018-02-14,262.67,263.83,253.73,255.1,6008016
2018-02-15,256.53,262.0,252.27,260.6,4042515
2018-02-16,262.93,262.93,257.47,257.97,2159697
2018-02-19,258.67,259.07,250.13,253.2,3268791
2018-02-20,254.67,256.67,251.73,253.9,2176545
2018-02-21,254.67,258.67,251.13,257.93,4183655
2018-02-22,256.67,257.67,253.13,256.07,6322649
2018-02-23,256.13,257.93,253.5,257.4,3038880
2018-02-26,259.33,262.5,257.2,261.17,4464329
2018-02-27,263.1,263.57,258.67,261.0,4222403
2018-02-28,250.67,254.93,248.73,253.43,6612582
2018-03-01,251.33,255.4,250.53,251.17,3531741
2018-03-05,251.33,251.83,243.47,244.5,2616485
2018-03-06,246.93,250.97,242.23,243.73,4844297
2018-03-07,242.67,244.4,236.73,238.53,4533596
2018-03-08,239.4,242.9,235.83,240.37,2775020
2018-03-09,241.47,242.93,237.13,238.03,3578367
2018-03-12,240.07,245.67,238.7,244.5,2895123
2018-03-13,244.73,257.0,244.67,255.3,9030965
2018-03-14,255.2,255.2,249.33,250.27,4256177
2018-03-15,251.27,251.27,246.87,247.7,2734490
2018-03-16,248.0,248.0,239.5,243.17,8356731
2018-03-19,244.1,244.57,233.93,234.9,3408477
2018-03-20,233.33,239.87,232.33,236.57,3697581
2018-03-21,237.33,239.83,232.97,235.53,2709896
2018-03-22,234.37,235.87,227.4,228.57,5717345
2018-03-23,225.33,227.97,222.0,226.0,4220208
2018-03-26,225.33,226.67,215.67,222.2,7499343
2018-03-27,224.17,232.2,223.97,231.27,6060507
2018-03-28,229.83,232.53,226.33,229.9,7363007
2018-04-02,231.33,233.13,226.03,229.67,3015774
2018-04-03,231.67,238.0,231.67,235.83,4124406
2018-04-04,236.13,236.6,228.8,229.47,3175233
2018-04-05,230.67,233.33,230.0,232.23,2753177
2018-04-06,234.6,237.83,232.7,235.97,3383978
2018-04-09,236.8,246.17,236.33,244.53,7467575
2018-04-10,246.67,246.67,239.37,243.1,3321827
2018-04-11,239.73,241.53,223.0,224.47,22306503
2018-04-12,220.73,227.27,216.83,224.83,18473313
2018-04-13,226.53,228.47,220.27,222.5,5725026
2018-04-16,220.43,224.33,218.2,220.93,5248170
2018-04-17,221.0,221.83,218.5,220.03,5624702
2018-04-18,220.0,220.57,212.27,213.07,10263635
2018-04-19,209.43,209.5,198.67,201.0,22322027
2018-04-20,199.93,205.33,198.07,199.37,14995772
2018-04-23,201.87,205.73,201.2,202.87,10698413
2018-04-24,202.0,205.67,201.27,204.0,6712646
2018-04-25,204.67,206.83,198.0,198.7,8791794
2018-04-26,198.23,198.6,193.37,197.57,21003761
2018-04-27,200.0,207.67,198.3,203.97,10457918
2018-04-30,204.4,205.9,201.67,203.0,3988364
2018-05-02,205.0,205.7,197.47,198.27,4011324
2018-05-03,197.67,200.57,195.4,196.57,3552122
2018-05-04,195.67,198.77,192.83,196.57,9146945
2018-05-07,194.83,200.57,192.33,198.0,9142368
2018-05-08,196.67,205.33,195.6,204.67,11470446
2018-05-09,200.13,205.5,193.43,203.5,21530567
2018-05-10,203.33,206.63,199.53,205.27,9738612
2018-05-11,205.87,214.33,205.7,212.5,14352165
2018-05-14,214.63,220.1,211.1,214.0,12111933
2018-05-15,214.97,220.0,209.8,215.63,9392456
2018-05-16,214.0,215.33,208.7,212.27,5123327
2018-05-17,211.63,213.83,208.17,211.67,5391075
2018-05-18,210.0,215.07,207.0,208.0,6233220
2018-05-21,209.33,210.9,206.0,208.57,5378706
2018-05-22,208.33,211.33,202.17,207.9,9401805
2018-05-23,202.67,207.1,189.03,191.33,24697710
2018-05-24,191.5,192.6,181.53,188.83,17920727
2018-05-25,190.0,198.27,185.9,196.8,13581084
2018-05-28,206.67,210.27,204.33,208.73,17984280
2018-05-29,209.67,213.23,207.37,210.03,8262938
2018-05-30,209.87,210.0,203.17,204.57,10330431
2018-05-31,204.33,208.67,200.03,207.9,14464166
2018-06-01,209.33,211.23,206.03,208.1,7199375
2018-06-04,210.07,212.67,201.83,208.13,11104799
2018-06-05,209.07,211.8,206.9,209.83,9015569
2018-06-06,210.67,211.2,206.0,207.2,9227891
2018-06-07,208.0,210.6,207.37,210.0,6238596
2018-06-08,208.0,209.3,205.0,207.53,4390925
2018-06-11,206.07,211.77,206.07,209.63,5236064
2018-06-12,211.87,212.63,209.6,211.27,4445346
2018-06-13,212.67,213.0,208.07,209.27,5457998
2018-06-14,208.47,208.47,204.7,206.5,5133005
2018-06-15,207.13,207.13,202.2,204.23,7041546
2018-06-18,209.4,216.9,208.73,214.73,14957748
2018-06-19,212.57,212.57,206.7,208.67,8809482
2018-06-20,209.4,210.0,204.17,205.27,4787246
2018-06-21,206.27,212.27,201.0,210.13,13722777
2018-06-22,210.2,211.23,204.8,207.43,11005457
2018-06-25,206.83,208.5,198.0,199.3,9797307
2018-06-26,198.33,203.07,197.33,199.4,6811788
2018-06-27,196.43,196.43,182.37,184.4,15763911
2018-06-28,181.33,183.67,172.97,174.23,22600962
2018-06-29,175.33,178.33,171.03,172.8,14400504
2018-07-02,173.6,176.87,172.07,173.13,6797855
2018-07-03,174.0,175.33,171.67,172.57,6482102
2018-07-04,173.2,173.2,167.07,168.2,9792431
2018-07-05,168.67,171.67,168.67,170.97,6614616
2018-07-06,172.5,181.23,172.07,178.7,15538821
2018-07-09,179.33,183.67,177.4,181.83,11041959
2018-07-10,182.33,182.6,178.17,178.87,4321094
2018-07-11,179.27,180.97,171.77,176.77,9603927
2018-07-12,187.33,188.0,178.73,179.53,17274120
2018-07-13,181.33,182.47,175.7,180.13,10888281
2018-07-16,179.67,181.33,175.5,176.23,5162480
2018-07-17,180.67,189.0,180.0,187.53,21253667
2018-07-18,188.6,191.9,188.33,190.73,10193198
2018-07-19,189.27,190.67,182.87,189.6,8377131
2018-07-20,186.07,187.57,182.9,183.6,6086502
2018-07-23,186.0,188.2,184.0,185.93,5656187
2018-07-24,186.13,191.7,185.93,190.73,5362539
2018-07-25,188.07,189.67,185.83,187.97,6551156
2018-07-26,186.0,188.4,184.0,184.53,6559931
2018-07-27,185.0,190.23,183.47,189.07,4589957
2018-07-30,189.5,195.73,188.87,191.73,8074785
2018-07-31,188.67,191.33,186.9,189.87,4519140
2018-08-01,192.6,197.67,182.07,191.57,12408423
2018-08-02,194.67,197.0,193.53,195.0,6037163
2018-08-03,192.2,196.0,192.2,195.07,4798889
2018-08-06,195.07,197.23,193.67,196.07,3782385
2018-08-07,195.33,197.47,191.53,192.4,3380783
2018-08-08,193.3,194.13,187.43,188.47,6372188
2018-08-09,194.77,195.27,185.0,186.97,12258500
2018-08-10,187.33,193.87,184.47,190.77,11994092
2018-08-13,189.97,189.97,181.1,182.07,9502848
2018-08-14,183.27,183.27,178.23,180.03,5761361
2018-08-16,182.53,182.57,176.83,177.43,7645074
2018-08-17,178.8,180.5,177.1,178.37,4201623
2018-08-20,179.77,182.53,179.37,180.0,5338127
2018-08-21,180.17,180.67,177.33,177.9,4311299
2018-08-23,177.13,177.33,172.2,173.07,7576346
2018-08-24,173.43,174.67,171.4,172.67,5371719
2018-08-27,173.33,175.33,173.2,174.7,2981576
2018-08-28,175.13,176.13,170.57,171.27,6819257
2018-08-29,171.47,173.33,170.57,171.8,5038706
2018-08-30,171.8,171.8,167.73,168.7,16280657
2018-08-31,168.53,170.73,167.13,169.2,8522706
2018-09-03,170.6,173.83,169.4,171.67,5848629
2018-09-04,170.67,170.67,166.27,166.83,7067103
2018-09-05,166.67,167.93,163.1,165.2,7901058
2018-09-06,167.27,168.57,165.1,167.9,5770748
2018-09-07,168.67,170.4,167.4,168.73,4525136
2018-09-10,169.33,169.33,164.0,164.43,5440874
2018-09-11,164.4,168.93,162.17,162.47,9412259
2018-09-12,161.97,162.0,155.63,160.27,12764498
2018-09-14,163.33,169.6,163.0,168.43,10546109
2018-09-17,166.73,173.63,165.33,172.23,11163420
2018-09-18,172.33,174.43,165.4,166.27,7501694
2018-09-19,166.8,170.33,165.03,167.57,4816094
2018-09-21,172.4,173.63,164.67,172.0,15484091
2018-09-24,170.67,176.23,163.63,165.43,9855714
2018-09-25,163.93,163.93,159.33,162.1,10352435
2018-09-26,165.33,165.93,161.03,165.33,10340720
2018-09-27,165.77,168.67,162.53,166.23,7918892
2018-09-28,167.33,170.17,166.23,167.63,8379659
2018-10-01,166.7,167.33,158.2,162.1,6562179
2018-10-03,158.67,171.3,158.53,167.43,10579293
2018-10-04,166.0,169.53,127.33,144.77,24850749
2018-10-05,130.3,130.3,108.67,110.07,130352622
2018-10-08,112.5,120.63,110.1,119.47,59404022
2018-10-09,120.6,121.33,113.33,114.17,16949295
2018-10-10,115.1,123.33,114.33,120.47,19559370
2018-10-11,118.23,144.27,117.43,138.63,67229435
2018-10-12,143.67,148.0,142.2,145.6,28290210
2018-10-15,145.67,145.87,136.3,141.67,27947562
2018-10-16,142.93,144.6,138.7,141.43,18399092
2018-10-17,142.0,142.97,136.33,138.2,11526023
2018-10-19,141.33,144.67,139.07,143.93,18510617
2018-10-22,144.4,145.63,139.83,140.4,7284954
2018-10-23,139.33,146.83,134.33,145.27,14995218
2018-10-24,151.27,158.27,148.1,155.17,22368054
2018-10-25,153.0,157.47,149.47,150.93,13507340
2018-10-26,150.87,151.83,145.4,150.2,9471867
2018-10-29,149.33,155.27,146.8,153.67,7790696
2018-10-30,151.5,152.33,145.57,146.63,8743529
2018-10-31,146.67,150.1,146.0,149.43,7532019
2018-11-01,150.93,156.5,150.93,153.0,8818883
2018-11-02,158.0,163.27,153.5,160.13,22006970
2018-11-05,161.27,161.27,153.33,155.47,7045065
2018-11-06,155.93,156.67,149.13,150.87,8752719
2018-11-07,152.6,154.0,152.0,153.07,1130546
2018-11-09,156.0,161.33,155.33,160.87,14898561
2018-11-12,159.17,159.23,148.77,150.03,17472008
2018-11-13,153.07,157.33,153.07,155.2,17027049
2018-11-14,161.33,174.43,160.83,162.47,44661005
2018-11-15,162.67,167.27,159.07,166.07,13656659
2018-11-16,164.2,167.77,159.4,162.43,8457222
2018-11-19,162.0,164.63,157.77,162.87,8321657
2018-11-20,164.0,168.33,161.07,162.17,10731063
2018-11-21,170.5,174.53,163.37,163.97,20241663
2018-11-22,164.67,165.33,159.67,161.9,10496120
2018-11-26,167.73,169.1,163.13,164.23,14614815
2018-11-27,163.0,165.87,160.67,163.93,10796595
2018-11-28,164.33,164.9,157.2,159.27,7438172
2018-11-29,162.67,164.33,159.43,161.93,10358901
2018-11-30,161.97,164.2,153.53,154.9,14901348
2018-12-03,153.2,153.2,148.53,149.93,12350601
2018-12-04,148.93,153.8,148.07,152.13,11946294
2018-12-05,152.1,154.67,150.1,151.1,7456637
2018-12-06,149.33,152.17,148.37,150.23,7745606
2018-12-07,153.13,153.53,149.0,149.87,5694848
2018-12-10,144.0,152.37,144.0,151.13,10046370
2018-12-11,150.53,150.93,144.8,146.73,12147390
2018-12-12,147.33,147.53,144.4,146.2,12060147
2018-12-13,147.6,151.33,147.33,150.1,8912736
2018-12-14,149.33,153.0,148.07,151.53,9568214
2018-12-17,153.2,153.2,150.13,152.3,8151825
2018-12-18,154.13,154.83,152.07,154.23,9990776
2018-12-19,157.17,159.2,155.6,157.43,13054413
2018-12-20,156.2,164.0,155.33,162.97,11790705
2018-12-21,164.07,168.03,161.67,166.7,19812695
2018-12-24,167.33,169.23,163.17,164.2,9259013
2018-12-26,166.87,167.23,163.2,165.9,11374262
2018-12-27,164.0,169.17,161.03,168.47,27766980
2018-12-28,169.0,171.33,167.33,170.6,9323528
2018-12-31,170.6,172.4,168.27,168.83,6372771
2019-01-01,169.07,172.23,168.33,171.13,4244490
2019-01-02,170.57,172.33,163.13,171.03,16000410
2019-01-03,168.87,169.27,164.8,165.53,10528919
2019-01-04,164.67,167.5,164.23,165.47,8365016
2019-01-07,166.0,167.93,165.43,166.53,3411024
2019-01-08,166.33,166.47,164.27,165.3,2991008
2019-01-09,164.0,165.1,158.67,159.33,8416928
2019-01-10,157.7,158.63,154.13,155.27,11426054
2019-01-11,154.67,156.87,154.2,155.67,4784342
2019-01-14,156.83,157.53,155.07,155.97,3963128
2019-01-15,156.6,161.97,156.2,161.03,7341045
2019-01-16,161.03,163.1,159.47,160.4,4081805
2019-01-17,160.6,164.27,160.5,162.8,6359597
2019-01-18,162.57,163.57,158.83,159.67,4035306
2019-01-21,157.8,161.27,157.8,159.1,3276194
2019-01-22,159.27,162.3,158.9,161.33,4818716
2019-01-23,161.5,162.93,159.53,161.23,4988807
2019-01-24,161.33,163.67,160.83,162.07,6980735
2019-01-25,162.43,165.53,160.33,161.2,6352379
2019-01-28,161.53,162.3,158.9,159.47,3502437
2019-01-29,160.0,161.67,156.07,156.87,6260849
2019-01-30,156.4,156.93,151.23,154.1,6427115
2019-01-31,153.7,158.17,152.7,155.67,8868440
2019-02-01,156.47,157.7,153.07,156.0,4139160
2019-02-04,154.33,154.93,149.8,151.0,9656205
2019-02-05,150.1,152.1,149.37,150.1,7596426
2019-02-06,151.03,156.6,151.0,155.93,14794430
2019-02-07,155.6,158.33,154.67,157.9,4257198
2019-02-08,158.0,159.53,153.03,153.57,3502908
2019-02-11,153.53,155.67,149.87,154.4,5404722
2019-02-12,154.17,158.63,154.0,156.03,5930220
2019-02-13,156.0,156.23,149.67,150.07,7217736
2019-02-14,144.8,148.4,142.23,147.13,12977037
2019-02-15,146.4,147.4,143.33,144.23,5842803
2019-02-18,144.0,144.23,140.8,141.77,4062705
2019-02-19,141.03,145.13,141.03,143.2,3560129
2019-02-20,143.57,147.93,143.43,147.3,5745477
2019-02-21,146.0,149.33,145.27,148.63,5580009
2019-02-22,149.17,155.2,148.87,153.97,8910170
2019-02-25,154.43,154.67,150.67,152.1,5276211
2019-02-26,149.93,152.7,147.6,150.57,10103021
2019-02-27,151.4,152.9,147.07,148.43,4740194
2019-02-28,149.87,150.43,147.7,148.9,5994888
2019-03-01,149.67,156.0,148.9,155.13,5823567
2019-03-05,154.9,165.47,154.23,164.5,12952434
2019-03-06,165.6,170.23,162.23,164.3,11524004
2019-03-07,165.4,169.13,164.33,166.0,14020257
2019-03-08,165.8,167.6,163.8,166.57,5670390
2019-03-11,167.3,177.87,166.83,175.6,23023413
2019-03-12,177.27,181.73,173.73,174.57,17477982
2019-03-13,174.67,179.33,170.67,178.57,12168293
2019-03-14,177.3,179.33,175.37,178.1,5798064
2019-03-15,178.73,186.67,176.93,184.63,17861112
2019-03-18,185.57,191.83,184.37,191.2,15983535
2019-03-19,192.0,194.67,190.5,193.83,10375562
2019-03-20,192.67,193.33,182.67,183.4,14153553
2019-03-22,183.33,185.47,177.7,178.9,11442915
2019-03-25,178.0,183.73,177.5,182.83,7416618
2019-03-26,183.37,186.67,181.5,184.7,8084909
2019-03-27,184.0,184.67,178.93,179.47,8807432
2019-03-28,179.43,186.3,179.43,181.63,32615012
2019-03-29,183.4,190.67,183.2,189.23,13428513
2019-04-01,189.33,192.6,186.4,189.2,6886184
2019-04-02,187.0,189.93,181.8,182.63,11783657
2019-04-03,183.33,183.63,173.13,173.67,16855931
2019-04-04,174.57,175.77,171.0,172.5,8223354
2019-04-05,173.43,176.9,172.83,175.9,5847777
2019-04-08,173.6,174.3,167.67,168.53,7989189
2019-04-09,165.67,172.0,164.7,170.73,10264806
2019-04-10,170.73,173.2,169.87,170.63,5705909
2019-04-11,170.67,174.57,170.1,173.63,6775113
2019-04-12,173.33,176.23,172.33,173.43,4849668
2019-04-15,173.43,174.6,170.7,171.4,6885651
2019-04-16,173.4,176.93,173.4,176.43,8830425
2019-04-18,176.67,179.67,172.1,177.73,14095719
2019-04-22,172.07,172.57,165.33,166.6,12259727
2019-04-23,166.67,170.83,164.0,169.9,12861860
2019-04-24,170.7,180.63,170.7,179.2,13662270
2019-04-25,179.67,186.0,177.4,183.37,22885758
2019-04-26,183.33,189.33,183.33,188.6,10329690
2019-04-30,189.87,196.57,186.23,194.17,14710331
2019-05-02,194.5,195.27,186.77,187.97,10031027
2019-05-03,191.33,193.63,187.8,190.7,10044761
2019-05-06,189.7,195.8,189.03,194.83,11136591
2019-05-07,193.37,194.0,185.0,190.0,11097461
2019-05-08,191.53,191.53,187.07,187.93,5163974
2019-05-09,188.6,189.13,183.67,184.47,5880249
2019-05-10,183.33,183.33,179.87,181.43,7420695
2019-05-13,179.33,184.5,174.17,175.17,8553072
2019-05-14,174.67,180.03,173.33,178.8,6554661
2019-05-15,179.67,182.6,177.3,178.27,7131116
2019-05-16,175.63,190.0,174.67,187.4,10040498
2019-05-17,186.3,186.3,181.33,183.13,7075944
2019-05-20,188.67,201.23,188.33,195.67,16760510
2019-05-21,201.0,201.23,185.8,189.7,15865931
2019-05-22,190.97,197.27,190.73,192.5,9102606
2019-05-23,195.93,204.0,191.8,193.1,18264822
2019-05-24,199.3,205.27,198.07,201.5,21625293
2019-05-27,200.67,211.93,199.67,211.03,11829401
2019-05-28,211.03,215.67,208.97,212.17,15980523
2019-05-29,212.6,212.67,205.73,209.03,9340652
2019-05-30,210.0,212.33,208.83,211.77,9659993
2019-05-31,216.67,221.33,212.37,216.17,21190043
2019-06-03,222.2,222.33,214.2,216.5,14519544
2019-06-04,216.37,216.5,211.33,211.9,10148108
2019-06-06,211.67,213.53,202.5,205.4,11944971
2019-06-07,204.07,208.0,202.07,207.6,5576610
2019-06-10,205.73,207.4,199.53,203.73,6613887
2019-06-11,203.33,206.9,201.13,205.77,6680778
2019-06-12,204.67,207.33,200.43,201.43,5703693
2019-06-13,204.3,207.33,202.67,206.43,12093065
2019-06-14,205.5,207.07,203.53,204.3,4857119
2019-06-17,203.8,203.8,195.43,196.37,5349984
2019-06-18,197.83,202.4,196.77,201.13,5175089
2019-06-19,201.23,202.0,194.13,197.17,5931545
2019-06-20,198.0,199.73,192.83,195.1,8094755
2019-06-21,190.67,196.97,190.2,194.6,7731386
2019-06-24,193.17,194.6,188.9,192.4,5390309
2019-06-25,192.5,198.23,192.1,197.0,8047695
2019-06-26,194.53,195.87,190.43,191.9,6808511
2019-06-27,192.67,195.0,191.6,192.87,7799685
2019-06-28,192.6,194.87,191.37,193.37,3838554
2019-07-01,193.0,194.33,186.67,188.37,8991894
2019-07-02,190.0,191.33,188.57,190.57,4678719
2019-07-03,193.33,195.8,191.03,191.97,7306239
2019-07-04,193.0,193.1,191.1,192.43,3453270
2019-07-05,192.5,195.93,181.57,191.67,18678867
2019-07-08,189.33,190.0,184.2,188.73,6217226
2019-07-09,187.6,193.2,187.4,191.93,5960046
2019-07-10,191.27,194.83,187.83,191.13,9040622
2019-07-11,189.27,193.3,188.9,191.07,7273139
2019-07-12,191.6,192.8,187.17,187.67,4949736
2019-07-15,188.0,192.23,187.03,190.83,7360104
2019-07-16,192.0,197.97,191.4,197.13,5432784
2019-07-17,199.2,200.83,196.53,198.0,7881834
2019-07-18,198.0,198.87,193.77,194.13,4113264
2019-07-19,195.53,196.4,192.7,194.83,5520308
2019-07-22,193.23,196.5,190.2,195.8,5029820
2019-07-23,195.53,195.97,192.67,193.53,4754763
2019-07-24,192.2,192.57,184.43,185.73,7813382
2019-07-25,185.87,186.93,176.8,177.83,6477350
2019-07-26,177.2,184.4,171.83,183.57,8839874
2019-07-29,183.4,184.0,177.6,179.27,3270168
2019-07-30,180.43,180.43,171.47,172.2,4361361
2019-07-31,170.93,178.3,166.63,177.37,7784861
2019-08-01,176.33,177.33,172.13,175.6,5839658
2019-08-02,176.63,177.67,168.37,168.93,11953161
2019-08-05,168.0,173.0,163.13,170.33,8268762
2019-08-06,170.0,172.67,167.53,169.03,4342463
2019-08-07,170.63,170.63,162.13,162.97,8315453
2019-08-08,164.1,167.8,160.87,166.93,6621830
2019-08-09,167.67,169.5,164.4,164.73,4903604
2019-08-13,165.33,167.8,159.4,160.47,4613534
2019-08-14,160.0,166.17,159.73,164.4,3979722
2019-08-16,163.93,166.93,161.1,163.67,5293674
2019-08-19,164.07,165.33,160.87,163.13,3159974
2019-08-20,162.33,163.07,159.5,161.07,4329839
2019-08-21,160.67,162.5,158.4,159.17,5176215
2019-08-22,158.7,159.27,150.0,150.97,4596767
2019-08-23,151.33,161.67,149.17,158.87,8609067
2019-08-26,160.13,169.33,156.37,168.3,8360847
2019-08-27,167.67,174.47,167.67,173.17,9502952
2019-08-28,172.1,179.07,170.17,176.7,7389755
2019-08-29,175.47,179.47,173.67,177.27,6842139
2019-08-30,176.67,176.67,168.37,173.43,9071853
2019-09-03,171.57,175.03,167.57,171.2,6740849
2019-09-04,170.33,172.3,166.1,171.47,6802826
2019-09-05,170.0,183.33,169.87,176.7,13403774
2019-09-06,176.2,177.33,172.17,174.6,7604858
2019-09-09,172.73,176.0,172.27,174.63,4265447
2019-09-11,173.7,178.27,173.07,177.33,6909231
2019-09-12,178.23,183.0,174.13,175.1,8804132
2019-09-13,176.43,181.93,173.0,180.77,11442123
2019-09-16,173.33,173.33,166.93,170.43,18714066
2019-09-17,170.0,170.43,162.83,163.93,20737463
2019-09-18,168.37,171.53,165.83,170.03,15793977
2019-09-19,171.33,172.63,165.73,167.33,7921586
2019-09-20,166.7,190.6,164.83,184.83,25899132
2019-09-23,185.33,195.6,184.8,192.3,13362443
2019-09-24,192.3,198.83,186.73,188.57,19219695
2019-09-25,189.63,192.5,185.37,190.27,12710670
2019-09-26,193.2,204.57,192.47,203.1,23365746
2019-09-27,203.1,208.47,201.33,203.9,16804074
2019-09-30,203.8,207.27,197.73,201.13,11696661
2019-10-01,206.67,214.73,200.2,206.3,24213792
2019-10-03,207.0,218.3,207.0,215.3,19163079
2019-10-04,218.5,219.17,208.8,213.8,11214020
2019-10-07,210.8,211.9,204.2,204.9,9854495
2019-10-09,205.3,213.2,201.4,209.67,9148536
2019-10-10,209.33,211.03,205.07,207.43,5330994
2019-10-11,206.87,209.3,201.4,205.63,7737462
2019-10-14,206.63,213.8,205.6,207.0,8198538
2019-10-15,208.3,210.1,206.43,207.37,5734605
2019-10-16,210.33,214.6,206.17,208.77,10108263
2019-10-17,209.97,210.0,204.37,209.3,7324010
2019-10-18,208.67,214.9,207.1,209.23,10055706
2019-10-22,211.3,213.63,208.2,211.27,9257709
2019-10-23,210.17,212.3,205.33,205.8,6371036
2019-10-24,204.0,206.33,198.77,199.4,8660810
2019-10-25,198.8,204.27,198.77,200.7,6348569
2019-10-27,201.33,202.43,201.33,201.8,265991
2019-10-29,206.2,209.1,203.8,206.7,8958236
2019-10-30,208.53,215.33,207.33,212.27,10757444
2019-10-31,214.0,218.67,213.4,216.83,12040352
2019-11-01,214.77,218.3,209.33,213.97,8655453
2019-11-04,212.47,217.13,212.07,212.73,4469505
2019-11-05,211.67,215.3,207.43,208.33,5556414
2019-11-06,207.33,211.0,206.87,209.3,3892542
2019-11-07,211.3,211.3,204.4,206.97,8840303
2019-11-08,206.67,207.6,194.6,195.97,12723458
2019-11-11,195.6,200.57,194.8,199.13,4924137
2019-11-13,197.93,199.67,192.0,194.2,8766861
2019-11-14,194.17,194.7,189.53,192.37,8425692
2019-11-15,191.83,195.3,190.9,193.47,3859557
2019-11-18,195.93,197.63,191.4,193.43,10282352
2019-11-19,194.27,195.23,192.1,193.47,3054992
2019-11-20,197.37,201.67,195.53,197.27,11619443
2019-11-21,201.33,201.33,189.9,191.2,11589953
2019-11-22,189.97,194.4,189.2,193.57,5298390
2019-11-25,192.67,198.2,191.6,197.07,5231471
2019-11-26,197.33,198.73,191.13,192.93,8827232
2019-11-27,191.33,194.0,190.07,191.0,4545375
2019-11-28,191.87,195.63,189.57,193.8,6019266
2019-11-29,194.6,195.0,187.03,188.4,8538686
2019-12-02,188.4,189.3,185.53,187.87,4184330
2019-12-03,188.63,189.27,181.1,182.93,5032454
2019-12-04,181.03,181.67,177.67,179.87,8378619
2019-12-05,179.0,181.67,176.67,177.27,5942870
2019-12-06,176.67,179.33,174.67,175.33,5705016
2019-12-09,175.33,179.97,174.83,179.27,5304996
2019-12-10,178.93,179.83,173.33,173.63,4492098
2019-12-11,173.63,177.6,172.17,175.1,7767146
2019-12-12,176.83,178.73,176.0,177.47,4329516
2019-12-13,177.47,179.2,175.6,178.27,3534353
2019-12-16,178.13,179.0,175.5,177.87,5570427
2019-12-17,177.8,179.1,175.73,176.6,3543587
2019-12-18,176.03,177.0,174.8,175.87,4299333
2019-12-19,175.33,177.3,174.9,176.57,2730365
2019-12-20,176.6,178.47,175.17,175.93,3090089
2019-12-23,176.23,179.1,176.13,177.3,3373650
2019-12-24,176.67,177.63,174.0,174.97,2983385
2019-12-26,174.0,176.43,171.9,172.4,4153262
2019-12-27,172.67,178.53,172.27,177.73,4623515
2019-12-30,177.3,178.6,175.37,178.13,2835807
2019-12-31,177.9,180.4,176.0,176.33,4013211
2020-01-01,176.6,177.7,175.73,177.0,1147566
2020-01-02,177.67,180.43,176.37,179.67,3504332
2020-01-03,176.6,177.43,174.33,175.8,6165123
2020-01-06,170.8,173.97,162.63,163.1,18107159
2020-01-07,166.67,169.13,159.53,161.43,18111281
2020-01-08,156.67,162.23,156.67,161.13,12440160
2020-01-09,166.67,169.33,164.33,168.63,11913597
2020-01-10,169.67,170.33,166.87,168.9,8036504
2020-01-13,168.8,171.27,167.9,168.23,4269497
2020-01-14,170.0,171.87,169.07,169.67,4279616
2020-01-15,169.67,171.63,168.4,170.63,3258401
2020-01-16,170.83,171.57,166.27,166.8,5985482
2020-01-17,165.33,168.47,164.57,166.43,5857824
2020-01-20,166.67,169.67,164.7,165.83,5132639
2020-01-21,165.9,167.9,165.33,166.3,3393972
2020-01-22,167.57,168.2,162.6,163.43,4020242
2020-01-23,165.33,167.5,162.87,164.53,7076526
2020-01-24,165.6,166.27,162.67,163.2,5724833
2020-01-27,163.67,164.4,160.0,160.67,5236430
2020-01-28,161.33,163.47,160.8,161.57,5034671
2020-01-29,162.0,165.5,160.9,163.8,5654597
2020-01-30,164.0,164.63,158.8,160.07,5809463
2020-01-31,161.33,161.43,154.23,154.97,6893381
2020-02-01,154.2,157.9,147.87,149.8,4876392
2020-02-03,150.0,153.67,147.73,148.93,6474362
2020-02-04,150.87,155.77,150.73,154.47,7520354
2020-02-05,155.4,159.43,155.0,157.97,7483667
2020-02-06,156.03,163.33,155.33,162.27,9884339
2020-02-07,161.33,162.27,157.73,160.7,5959460
2020-02-10,160.67,162.7,158.53,159.23,5068299
2020-02-11,160.8,162.3,159.7,160.0,3942302
2020-02-12,160.4,161.4,155.23,155.7,3647616
2020-02-13,155.8,157.47,154.87,156.7,2517714
2020-02-14,156.93,158.9,155.43,155.9,3493005
2020-02-17,156.0,156.47,152.77,153.33,1923714
2020-02-18,152.47,153.47,148.17,149.97,8068625
2020-02-19,150.67,151.33,149.0,150.97,4187378
2020-02-20,149.67,152.0,148.0,148.27,7364108
2020-02-24,148.13,148.4,142.6,144.13,5897108
2020-02-25,144.67,145.57,138.53,140.7,5436641
2020-02-26,140.67,140.87,138.1,139.23,7603815
2020-02-27,139.33,141.13,135.43,136.27,7606250
2020-02-28,135.3,135.33,129.67,131.7,10237215
2020-03-02,133.8,136.17,128.7,129.97,5456684
2020-03-03,130.7,138.57,130.67,137.03,9291830
2020-03-04,138.0,138.6,134.17,137.4,6201603
2020-03-05,137.97,140.53,135.4,135.8,6674195
2020-03-06,132.0,136.07,127.4,134.1,11729649
2020-03-09,137.43,151.23,136.4,141.73,37047215
2020-03-11,138.67,142.97,135.8,140.7,12577473
2020-03-12,136.43,136.43,120.2,122.8,17811471
2020-03-13,119.6,134.6,100.0,131.73,15946343
2020-03-16,127.9,143.67,122.67,136.53,21634082
2020-03-17,137.33,147.93,133.5,144.7,17854139
2020-03-18,146.0,148.1,134.67,136.87,7992575
2020-03-19,128.73,135.0,120.0,126.73,13485674
2020-03-20,130.27,141.63,126.4,139.0,11804115
2020-03-23,130.47,131.93,118.4,122.53,8431886
2020-03-24,127.17,129.33,119.17,123.03,8870457
2020-03-25,120.0,124.37,116.67,118.27,10087791
2020-03-26,119.33,122.6,116.67,118.2,7822226
2020-03-27,119.43,122.33,111.7,113.5,10149777
2020-03-30,113.4,116.27,109.53,111.93,6590000
2020-03-31,114.0,128.0,113.3,126.73,20209232
2020-04-01,126.73,130.27,120.57,122.67,10930808
2020-04-03,122.67,128.53,117.03,122.8,14263634
2020-04-07,128.67,137.27,123.5,133.4,15442419
2020-04-08,133.27,136.47,130.3,133.0,8858069
2020-04-09,134.67,141.2,131.6,138.57,14771768
2020-04-13,139.33,141.13,132.97,136.97,7402274
2020-04-15,139.33,146.67,137.2,138.97,11229849
2020-04-16,140.53,145.47,138.87,142.57,7310888
2020-04-17,146.6,146.6,142.03,145.13,5837652
2020-04-20,147.2,152.33,145.5,151.6,8411448
2020-04-21,151.3,151.63,143.0,143.9,10367627
2020-04-22,144.63,145.0,137.63,141.8,7210122
2020-04-23,141.8,145.57,138.6,139.67,8211842
2020-04-24,139.17,139.17,133.33,134.27,5428569
2020-04-27,134.93,142.73,134.93,138.83,13782530
2020-04-28,140.17,145.33,139.2,140.6,14515863
2020-04-29,140.8,141.37,137.8,138.9,10054070
2020-04-30,140.7,149.6,137.8,146.87,15096123
2020-05-04,140.67,143.5,136.5,138.53,10685012
2020-05-05,141.33,146.67,140.23,143.07,12759390
2020-05-06,133.73,136.67,124.47,135.0,30269634
2020-05-07,134.0,136.57,132.7,133.93,11183864
2020-05-08,135.33,136.63,130.37,131.3,6810555
2020-05-11,132.0,134.13,127.87,128.43,7089096
2020-05-12,128.0,130.03,124.67,126.63,5846750
2020-05-13,130.33,131.3,126.37,128.2,9103589
2020-05-14,125.67,128.5,125.5,126.83,5381916
2020-05-15,127.33,129.73,125.3,126.07,9902237
2020-05-18,126.33,126.97,113.83,115.0,16944393
2020-05-19,117.7,120.53,113.57,114.23,12310266
2020-05-20,114.67,120.6,113.97,119.23,10305711
2020-05-21,120.0,121.27,116.73,120.5,8415128
2020-05-22,120.4,124.33,118.87,121.47,9395564
2020-05-26,122.0,123.2,118.87,119.53,6708479
2020-05-27,120.67,124.33,119.2,123.83,5756129
2020-05-28,124.63,125.87,122.47,123.9,5194268
2020-05-29,123.1,131.77,122.63,129.7,17141156
2020-06-01,130.87,133.67,129.83,130.47,9062600
2020-06-02,130.67,131.27,128.2,129.17,5153807
2020-06-03,129.87,134.5,129.33,131.37,9606099
2020-06-04,129.53,133.2,128.9,130.17,11643668
2020-06-05,131.2,136.97,130.2,136.4,13918929
2020-06-08,139.73,148.33,138.93,144.3,16471793
2020-06-09,145.53,147.9,139.33,141.1,8419073
2020-06-10,142.5,142.83,137.47,138.57,5927142
2020-06-11,139.23,145.67,132.9,136.83,11953895
2020-06-12,133.4,142.47,133.03,140.57,15342771
2020-06-15,139.23,141.4,136.23,137.8,7449758
2020-06-16,140.67,143.2,137.47,139.87,13147299
2020-06-17,136.67,145.87,136.53,142.73,26298078
2020-06-18,142.83,149.67,142.33,148.6,15060797
2020-06-19,148.33,150.6,146.07,149.1,16025751
2020-06-22,150.63,160.67,149.57,159.07,23937093
2020-06-23,159.33,161.4,155.4,158.4,11499761
2020-06-24,158.67,159.33,151.07,152.27,8593458
2020-06-25,152.3,154.6,147.23,147.9,9621263
2020-06-26,151.3,157.23,149.7,154.17,11161592
2020-06-29,151.8,153.97,147.0,150.13,9499080
2020-06-30,151.4,152.63,144.07,144.5,11712615
2020-07-01,145.47,148.8,143.0,148.23,13925936
2020-07-02,144.17,146.17,142.73,143.43,12956274
2020-07-03,145.0,145.2,142.0,143.9,5976971
2020-07-06,145.17,147.03,142.5,143.73,10215588
2020-07-07,143.93,144.17,140.47,140.77,7584908
2020-07-08,140.77,143.87,140.23,141.2,6735875
2020-07-09,141.2,142.53,136.53,136.9,11882952
2020-07-10,136.67,140.67,136.03,139.93,11503340
2020-07-13,140.03,143.3,139.47,140.53,9764723
2020-07-14,141.0,143.0,139.67,140.3,7984769
2020-07-15,142.0,142.27,134.4,135.1,7493250
2020-07-16,136.23,141.2,133.67,139.87,10793810
2020-07-17,140.33,151.47,140.07,149.33,34999146
2020-07-20,149.33,153.0,148.7,151.4,12563777
2020-07-21,151.47,158.67,148.4,156.17,24804201
2020-07-22,157.6,157.6,150.17,152.13,10043120
2020-07-23,151.67,158.4,150.43,154.7,14418042
2020-07-24,154.33,155.8,149.0,152.27,9750684
2020-07-27,153.6,160.47,148.93,154.53,18478779
2020-07-28,154.83,157.67,152.17,155.3,9022652
2020-07-29,155.27,156.8,151.37,152.23,7045908
2020-07-30,150.33,151.53,145.77,148.7,12851078
2020-07-31,148.63,150.5,142.53,143.33,9682479
2020-08-03,143.33,147.93,141.53,145.1,10815543
2020-08-04,145.4,147.23,139.07,143.33,14035254
2020-08-05,144.0,146.9,141.33,141.97,10555163
2020-08-06,142.67,146.53,142.27,144.07,14058680
2020-08-07,148.67,148.67,141.6,142.4,28183938
2020-08-10,143.87,145.27,142.43,143.5,11410218
2020-08-11,144.0,146.2,142.33,143.5,12747167
2020-08-12,143.33,143.8,140.83,141.23,9278514
2020-08-13,141.5,143.1,139.93,141.57,11976168
2020-08-14,142.67,143.0,138.47,139.1,9812288
2020-08-17,140.0,141.93,136.97,140.7,11816967
2020-08-18,141.87,141.97,139.47,139.9,8172590
2020-08-19,140.33,142.47,139.97,140.53,8738382
2020-08-20,139.33,143.87,138.77,143.13,19137648
2020-08-21,144.67,144.8,141.33,141.63,9529589
2020-08-24,142.33,143.2,140.83,141.1,6385073
2020-08-25,141.33,142.77,140.47,140.83,8397779
2020-08-26,141.33,141.57,139.33,139.63,7573614
2020-08-27,140.07,140.73,138.17,138.93,12150125
2020-08-28,139.67,141.43,139.53,139.73,5911695
2020-08-31,141.53,143.2,133.67,134.37,24815682
2020-09-01,133.33,136.53,129.87,133.1,16631327
2020-09-02,133.67,134.97,132.53,133.83,5772233
2020-09-03,135.0,136.33,132.43,133.2,7176872
2020-09-04,132.0,135.83,130.5,131.4,10429427
2020-09-07,133.33,134.6,130.53,131.63,6652620
2020-09-08,132.4,135.07,131.3,132.47,10615994
2020-09-09,132.3,132.47,127.2,129.17,11065637
2020-09-10,130.0,134.8,129.67,134.13,15659648
2020-09-11,135.0,136.17,131.47,132.77,10909077
2020-09-14,133.27,134.1,130.1,130.7,6827387
2020-09-15,131.33,133.3,129.83,132.17,6512193
2020-09-16,131.9,132.8,129.23,130.27,6985620
2020-09-17,130.0,131.6,128.77,131.23,8495505
2020-09-18,132.6,132.67,128.93,129.37,9503043
2020-09-21,129.67,132.33,125.5,126.13,14904107
2020-09-22,126.67,127.23,119.1,120.27,16170120
2020-09-23,121.93,122.07,116.0,118.23,13070196
2020-09-24,116.83,117.93,113.9,114.87,10053242
2020-09-25,115.83,119.8,114.87,119.07,10405407
2020-09-28,120.2,123.33,119.73,122.67,6379199
2020-09-29,123.3,124.33,121.17,123.2,8934440
2020-09-30,123.13,123.9,116.87,120.43,20638896
2020-10-01,120.93,121.83,116.6,117.0,14837505
2020-10-05,117.93,118.07,115.33,117.07,12841112
2020-10-06,117.5,118.0,115.67,115.8,7770944
2020-10-07,116.2,116.47,113.73,114.03,7176356
2020-10-08,114.23,116.0,113.1,113.97,7211252
2020-10-09,114.13,118.17,113.77,117.33,12724395
2020-10-12,118.0,118.1,113.83,114.27,6758174
2020-10-13,114.7,115.33,113.17,113.6,9191781
2020-10-14,113.6,113.6,110.13,112.4,9798849
2020-10-15,112.27,114.8,108.6,109.37,10845576
2020-10-16,109.63,113.23,108.93,112.87,10063256
2020-10-19,113.33,117.93,113.33,117.23,9654860
2020-10-20,116.5,117.77,114.4,114.9,6659961
2020-10-21,116.03,119.87,116.03,118.43,12527165
2020-10-22,117.63,119.97,116.87,119.57,7512926
2020-10-23,119.87,122.67,119.73,121.7,8036610
2020-10-26,121.33,122.5,115.67,116.3,10010132
2020-10-27,116.53,117.07,113.53,115.7,9036662
2020-10-28,115.67,117.2,114.23,114.6,8467598
2020-10-29,113.93,120.5,113.67,119.73,15079287
2020-10-30,123.0,126.4,121.77,125.1,38975483
2020-11-02,125.33,126.0,123.8,124.87,8951340
2020-11-03,126.0,127.63,122.77,123.77,11378826
2020-11-04,124.27,125.4,120.77,124.5,9931139
2020-11-05,132.67,137.47,129.53,136.83,72043455
2020-11-06,137.33,138.17,134.87,136.9,15313824
2020-11-09,137.3,139.93,136.07,138.7,11529857
2020-11-10,138.67,142.53,138.33,141.67,13357911
2020-11-11,142.0,144.93,139.4,143.13,13605480
2020-11-12,143.27,144.13,141.73,142.4,5629056
2020-11-13,141.7,143.83,139.83,143.1,7969604
2020-11-14,143.67,147.9,143.43,146.33,5119559
2020-11-17,147.33,148.93,143.77,145.13,12210546
2020-11-18,144.47,144.5,141.07,142.5,13771527
2020-11-19,142.0,145.5,141.33,142.23,11365365
2020-11-20,142.73,144.0,140.97,142.7,7010561
2020-11-23,143.33,144.17,142.07,143.6,8246933
2020-11-24,144.0,144.2,142.2,142.97,7121831
2020-11-25,143.0,143.97,140.5,141.37,8392617
2020-11-26,141.63,142.57,138.73,142.1,9796437
2020-11-27,142.33,143.87,137.67,139.57,25168526
2020-12-01,140.0,141.67,139.2,141.07,6027756
2020-12-02,141.93,146.27,141.47,143.13,14479128
2020-12-03,143.9,147.27,143.0,146.83,13791681
2020-12-04,147.47,148.77,143.33,144.43,11645295
2020-12-07,145.33,146.53,143.43,144.47,10915316
2020-12-08,145.4,145.77,142.67,143.9,8918244
2020-12-09,145.23,146.83,143.77,145.53,11959104
2020-12-10,146.0,146.0,141.73,143.7,9411705
2020-12-11,144.0,148.67,143.2,144.9,16553762
2020-12-14,146.27,153.17,145.37,152.47,31222898
2020-12-15,152.73,153.23,149.5,150.97,9658920
2020-12-16,152.6,156.27,152.37,153.73,14118680
2020-12-17,155.13,155.13,149.77,150.63,12157872
2020-12-18,150.67,151.33,148.2,149.6,8575680
2020-12-21,148.33,148.97,136.37,139.57,15206802
2020-12-22,140.13,141.0,135.93,140.57,14066943
2020-12-23,140.57,140.97,138.9,140.2,12514383
2020-12-24,140.97,143.67,140.7,142.43,8423013
2020-12-28,142.93,144.33,142.5,143.47,5060373
2020-12-29,144.0,144.3,142.3,143.6,6472577
2020-12-30,143.47,144.6,142.7,144.3,5917551
2020-12-31,144.3,146.8,143.23,145.27,11278818
2021-01-01,146.17,148.33,145.17,147.5,7172514
2021-01-04,148.0,149.1,145.73,148.5,9861827
2021-01-05,148.0,149.0,146.93,148.73,7903772
2021-01-06,149.33,150.67,144.83,147.3,11250986
2021-01-07,148.0,149.33,147.0,148.53,7369923
2021-01-08,149.83,153.43,149.5,150.33,13146254
2021-01-11,150.67,151.1,147.13,149.57,7864008
2021-01-12,149.37,152.33,148.13,149.93,6767480
2021-01-13,150.07,155.23,149.73,151.43,17333360
2021-01-14,153.0,156.93,151.8,155.73,15036233
2021-01-15,157.97,158.4,151.77,152.4,19528448
2021-01-18,152.47,155.6,148.67,154.17,12962139
2021-01-19,155.93,157.03,152.67,154.6,10672917
2021-01-20,154.67,155.5,152.23,154.03,6708785
2021-01-21,154.2,156.0,151.67,152.53,10022996
2021-01-22,152.33,153.87,148.73,150.27,11876655
2021-01-25,151.33,151.33,146.13,146.8,10396352
2021-01-27,146.67,147.43,143.0,144.43,12457904
2021-01-28,143.23,149.23,142.7,147.67,9570735
2021-01-29,148.67,149.17,145.13,145.73,11049804
2021-02-01,147.27,148.27,141.53,145.3,15931046
2021-02-02,146.73,150.6,146.67,148.2,15156921
2021-02-03,149.3,152.3,147.07,150.17,17980320
2021-02-04,150.57,154.5,150.4,153.07,15822638
2021-02-05,155.13,155.33,149.53,150.03,8935038
2021-02-08,151.33,154.2,150.83,153.03,5569659
2021-02-09,152.67,155.17,150.17,151.03,10273247
2021-02-10,151.63,152.83,147.77,149.93,15792933
2021-02-11,149.53,152.27,149.4,151.6,9801476
2021-02-12,151.93,152.87,148.07,149.23,9941697
2021-02-15,149.67,150.83,148.07,148.4,9075534
2021-02-16,147.73,151.33,147.6,150.43,10667114
2021-02-17,150.43,156.67,149.97,156.3,17902017
2021-02-18,158.0,168.0,156.77,163.8,37870821
2021-02-19,165.2,168.27,159.0,162.67,19952931
2021-02-22,163.33,165.53,159.67,161.0,11274977
2021-02-23,161.33,166.6,161.13,163.27,14772120
2021-02-24,164.5,165.7,161.73,163.17,5007237
2021-02-25,164.0,172.83,163.67,168.3,21878345
2021-02-26,166.63,170.03,160.0,161.63,17877759
2021-03-01,164.27,168.27,162.37,165.0,10657824
2021-03-02,168.0,171.93,165.4,166.73,12368381
2021-03-03,170.5,170.6,163.67,165.93,8889057
2021-03-04,165.33,167.87,163.57,163.9,7024809
2021-03-05,163.2,167.73,160.2,162.13,11599544
2021-03-08,163.2,166.83,161.5,162.1,9808119
2021-03-09,161.0,164.07,155.6,158.8,19147695
2021-03-10,164.07,166.33,159.13,160.67,16237950
2021-03-12,162.0,164.4,159.77,160.9,9807786
2021-03-15,162.0,163.07,159.53,161.27,7981842
2021-03-16,162.53,163.77,160.43,161.1,9453629
2021-03-17,161.33,161.33,155.8,157.27,13646237
2021-03-18,158.0,159.93,154.33,155.77,11096393
2021-03-19,156.4,158.3,153.57,156.5,10383602
2021-03-22,157.97,158.33,156.3,157.7,5005842
2021-03-23,157.87,159.77,156.13,159.33,8958822
2021-03-24,159.33,159.83,154.3,155.0,5272494
2021-03-25,155.33,156.5,150.6,151.5,12319149
2021-03-26,153.0,154.67,152.23,153.2,4210820
2021-03-30,153.87,154.6,152.5,153.33,5358230
2021-03-31,153.8,157.4,152.37,156.33,12419028
2021-04-01,157.33,159.1,155.0,158.4,5430428
2021-04-05,159.43,159.43,153.0,156.83,7243863
2021-04-06,157.0,158.17,155.47,156.93,5679891
2021-04-07,156.3,159.27,156.27,157.37,7400450
2021-04-08,157.37,160.6,157.27,159.17,7058790
2021-04-09,159.1,159.1,154.57,156.03,10348226
2021-04-12,153.33,155.17,148.53,150.93,10069337
2021-04-13,150.4,155.1,150.4,154.37,11025011
2021-04-15,152.43,158.6,152.43,158.1,6514215
2021-04-16,158.0,160.0,156.5,157.7,9410976
2021-04-19,154.1,156.0,152.37,154.27,10094508
2021-04-20,154.33,156.53,154.17,155.13,6611516
2021-04-22,154.0,156.2,152.9,155.67,5552942
2021-04-23,155.33,156.97,154.33,155.8,6342932
2021-04-26,156.1,156.53,153.67,155.0,9370767
2021-04-27,155.63,156.0,154.7,155.3,5170101
2021-04-28,155.87,155.93,153.9,154.23,7580904
2021-04-29,155.33,155.47,152.83,153.13,9208002
2021-04-30,152.17,163.5,152.13,156.43,23345150
2021-05-03,155.3,158.07,154.0,157.23,6045108
2021-05-04,157.87,163.2,157.73,161.0,10620273
2021-05-05,161.87,164.33,159.33,163.2,11066012
2021-05-06,164.93,166.53,162.83,163.6,9562719
2021-05-07,164.3,168.43,160.67,167.63,12976788
2021-05-10,168.67,173.2,167.77,170.0,9464798
2021-05-11,169.33,178.0,168.13,177.07,15501792
2021-05-12,178.0,179.67,172.47,174.83,7129424
2021-05-14,176.2,176.2,169.17,169.6,5011466
2021-05-17,170.27,171.87,167.2,167.9,4541844
2021-05-18,169.33,177.6,168.57,176.67,11567027
2021-05-19,176.67,182.43,174.2,181.83,11235594
2021-05-20,183.2,183.2,176.8,177.6,9048192
2021-05-21,188.0,192.2,182.87,184.2,49713534
2021-05-24,184.9,190.5,183.7,189.7,10717709
2021-05-25,190.6,193.8,188.4,192.1,14911742
2021-05-26,191.8,194.53,189.07,189.5,8560553
2021-05-27,190.53,192.93,186.33,186.93,14100075
2021-05-28,188.2,189.67,186.2,187.1,4748727
2021-05-31,187.97,187.97,185.4,186.47,4006142
2021-06-01,186.73,190.8,186.67,187.7,4967718
2021-06-02,188.17,193.0,187.9,192.27,16357661
2021-06-03,192.67,193.77,191.0,191.77,3959337
2021-06-04,191.77,201.57,190.9,199.2,22365234
2021-06-07,200.67,201.93,198.0,200.73,6134031
2021-06-08,201.33,202.77,197.67,201.5,7865724
2021-06-09,202.5,206.27,198.7,200.23,10310883
2021-06-10,200.0,201.47,198.07,198.97,5950157
2021-06-11,200.0,202.8,195.97,196.7,7809056
2021-06-14,198.27,200.33,195.07,198.93,6454026
2021-06-15,200.0,200.67,198.2,198.9,5641398
2021-06-16,199.9,205.33,199.33,202.9,13279046
2021-06-17,202.63,208.0,202.0,206.0,12977826
2021-06-18,206.67,207.03,195.17,197.17,10833638
2021-06-21,196.67,202.2,195.37,201.6,14655981
2021-06-22,202.57,204.47,202.03,203.03,3413079
2021-06-23,203.2,203.43,199.23,200.17,3557055
2021-06-24,201.57,201.57,196.07,196.93,5590700
2021-06-25,198.47,199.9,197.57,198.67,3738572
2021-06-28,200.33,200.47,197.77,198.17,3419964
2021-06-29,198.67,199.6,193.83,195.03,6438383
2021-06-30,195.97,197.67,194.37,195.47,4396508
2021-07-01,196.5,197.97,195.33,197.47,4263767
2021-07-02,198.53,199.6,197.27,198.63,4861007
2021-07-05,200.93,203.87,199.0,202.97,7253961
2021-07-06,204.33,206.3,202.13,203.03,9752526
2021-07-07,204.17,204.73,199.67,204.23,9828284
2021-07-08,190.0,192.93,188.7,189.23,13855166
2021-07-09,189.4,190.0,185.37,185.97,4393550
2021-07-12,186.73,187.3,180.67,181.27,7431611
2021-07-13,182.27,183.17,180.07,181.47,6780591
2021-07-14,180.5,183.0,178.83,180.07,5294933
2021-07-15,180.53,181.07,177.43,178.07,4413803
2021-07-16,178.63,180.67,177.53,178.73,4783905
2021-07-19,179.83,183.27,178.9,181.37,9429303
2021-07-20,182.73,184.67,181.43,184.1,8298897
2021-07-22,184.03,185.67,182.73,184.27,4330643
2021-07-23,183.63,186.0,183.37,184.93,2622737
2021-07-26,184.07,185.47,180.9,182.37,4899920
2021-07-27,182.67,182.87,179.0,179.47,4675905
2021-07-28,180.9,180.9,174.17,176.63,5957109
2021-07-29,178.5,179.33,174.17,175.73,9685415
2021-07-30,176.6,176.9,173.67,174.1,9366288
2021-08-02,174.87,182.87,174.63,181.87,6867587
2021-08-03,183.53,184.13,181.2,183.1,4705964
2021-08-04,183.67,184.9,180.03,181.5,3655653
2021-08-05,180.0,180.67,175.0,176.67,7660742
2021-08-06,180.0,180.37,176.27,176.63,5376993
2021-08-09,177.57,178.13,173.37,174.67,2687301
2021-08-10,175.0,175.87,170.77,171.97,4572002
2021-08-11,171.9,174.07,170.27,172.6,5957813
2021-08-12,172.33,173.8,169.03,170.13,6109710
2021-08-13,170.4,172.0,168.9,170.03,2874657
2021-08-16,169.97,172.27,168.73,171.8,3707033
2021-08-17,171.97,172.37,168.43,169.07,3046527
2021-08-18,169.8,170.53,167.73,169.2,4446233
2021-08-20,167.97,168.5,164.07,164.8,4416650
2021-08-23,165.93,167.13,163.0,163.77,3471126
2021-08-24,164.67,167.27,164.0,166.5,3727245
2021-08-25,166.9,173.0,166.73,171.9,4895660
2021-08-26,172.17,172.3,169.1,170.33,3046736
2021-08-27,170.67,172.27,170.0,171.07,1594751
2021-08-30,172.27,173.83,170.67,173.07,4575464
2021-08-31,173.33,178.87,171.67,177.73,8793603
2021-09-01,179.23,179.93,175.77,177.77,3557070
2021-09-02,177.8,180.57,177.53,177.8,3554864
2021-09-03,178.13,184.43,177.53,183.97,8888423
2021-09-06,184.53,185.33,179.33,179.97,6053961
2021-09-07,180.97,183.2,177.57,178.23,3889797
2021-09-08,177.4,180.83,177.4,179.9,5026911
2021-09-09,179.93,182.77,178.7,179.1,5245895
2021-09-13,179.8,181.63,177.53,180.43,4328045
2021-09-14,181.63,183.9,180.47,182.77,4817756
2021-09-15,183.87,186.5,182.37,183.8,7388208
2021-09-16,184.93,189.6,183.57,188.33,7564598
2021-09-17,190.0,190.73,182.73,188.63,16855151
2021-09-20,188.0,188.0,180.07,181.67,9418050
2021-09-21,181.0,182.2,177.67,181.17,5120732
2021-09-22,181.0,185.6,180.53,184.4,3303962
2021-09-23,184.53,188.3,184.53,186.67,4833659
2021-09-24,186.8,188.27,182.73,183.2,3539591
2021-09-27,184.2,185.87,181.73,185.17,3441164
2021-09-28,184.67,195.47,184.67,194.4,15925833
2021-09-29,194.93,200.6,192.67,199.73,17890583
2021-09-30,199.0,201.87,196.67,200.0,7993638
2021-10-01,199.73,204.0,198.0,199.3,6220235
2021-10-04,199.4,202.4,199.33,201.87,4617248
2021-10-05,201.97,210.6,200.9,209.63,15918579
2021-10-06,209.3,211.97,206.37,207.73,7275597
2021-10-07,209.33,215.8,208.93,213.0,9860400
2021-10-08,215.33,217.83,210.67,212.03,5578962
2021-10-11,214.33,217.23,212.03,212.7,4285191
2021-10-12,214.6,219.33,212.57,218.53,9469553
2021-10-13,220.53,220.53,215.6,217.2,6504114
2021-10-14,214.67,223.87,214.5,220.9,6229890
2021-10-18,222.9,226.47,220.33,221.13,5493434
2021-10-19,223.67,224.6,214.7,215.6,8242283
2021-10-20,217.0,219.03,210.33,211.53,8428745
2021-10-21,213.63,220.0,213.23,215.2,9782943
2021-10-22,216.67,219.6,214.87,218.57,6206495
2021-10-25,221.0,221.0,214.2,215.37,5090094
2021-10-26,215.37,223.93,212.27,221.6,8590482
2021-10-27,222.03,226.4,220.97,222.6,5786244
2021-10-28,223.33,223.63,210.03,211.37,6752702
2021-10-29,211.33,213.33,204.27,206.93,6117633
2021-11-01,210.03,210.03,205.67,207.97,5097780
2021-11-02,208.67,209.93,201.53,202.3,6215609
2021-11-03,203.07,211.33,202.13,209.47,11383116
2021-11-04,212.67,215.3,210.0,214.6,1480931
2021-11-08,217.63,231.33,215.0,230.53,21544763
2021-11-09,231.47,232.47,227.9,229.7,5967881
2021-11-10,229.3,233.17,228.17,230.7,4990221
2021-11-11,229.33,231.87,226.4,228.33,4163100
2021-11-12,229.47,233.0,229.3,231.33,5107334
2021-11-15,233.33,236.53,232.13,234.23,7384496
2021-11-16,235.07,235.07,224.13,225.0,6042552
2021-11-17,225.3,225.3,216.9,217.33,5446368
2021-11-18,218.0,219.8,214.33,215.8,4781655
2021-11-22,215.8,217.77,209.43,211.3,4814799
2021-11-23,209.33,213.63,209.2,212.4,3950010
2021-11-24,213.27,220.8,213.0,216.07,6129450
2021-11-25,216.7,217.43,209.63,210.73,6165405
2021-11-26,210.73,210.73,200.5,201.47,5677950
2021-11-29,200.0,201.23,194.7,197.63,5018829
2021-11-30,197.5,210.93,195.4,196.73,9013565
2021-12-01,196.8,200.47,193.77,198.5,3856671
2021-12-02,198.53,202.63,195.03,200.37,5694348
2021-12-03,202.0,203.13,198.33,199.0,3964328
2021-12-06,199.2,201.8,196.07,198.7,2514339
2021-12-07,199.67,205.87,199.13,202.7,4767390
2021-12-08,202.53,204.6,200.2,201.17,3460877
2021-12-09,202.2,204.77,200.33,203.63,6068997
2021-12-10,202.1,206.27,202.1,204.9,2463431
2021-12-13,206.67,208.07,199.17,199.73,4572827
2021-12-14,200.13,202.63,198.43,200.83,5185479
2021-12-15,201.1,205.13,199.7,200.33,6506979
2021-12-16,201.33,202.67,197.83,198.53,2777901
2021-12-17,198.53,199.1,191.07,191.57,4096493
2021-12-20,189.8,190.27,183.17,184.6,6207491
2021-12-21,184.73,189.0,184.67,187.7,2739590
2021-12-22,188.73,193.4,187.07,192.1,5725254
2021-12-23,194.0,198.4,193.7,196.53,5706339
2021-12-24,196.6,197.33,193.4,194.43,2248640
2021-12-27,194.0,194.43,190.67,193.83,1362518
2021-12-28,194.13,196.93,193.83,196.17,1460921
2021-12-29,196.33,197.63,193.53,194.93,2696715
2021-12-30,194.67,195.67,191.83,192.43,1979664
2021-12-31,193.77,196.43,191.73,194.9,1815294
2022-01-03,195.27,198.37,194.9,197.93,1524540
2022-01-04,199.3,200.67,196.67,198.6,3415416
2022-01-05,199.3,210.3,198.67,209.53,11267937
2022-01-06,210.63,211.33,205.67,209.43,6556890
2022-01-07,209.8,216.67,209.8,213.33,7223049
2022-01-10,213.33,218.57,212.67,217.7,3889625
2022-01-11,217.33,218.3,211.8,212.5,4569924
2022-01-12,213.87,217.23,211.1,212.77,4749156
2022-01-13,213.87,215.63,212.1,214.5,3579710
2022-01-14,214.33,217.6,213.0,216.67,5679803
2022-01-17,218.23,220.27,216.93,218.63,5838015
2022-01-18,218.73,220.3,215.33,215.9,4403489
2022-01-19,213.7,219.33,212.13,216.23,3850218
2022-01-20,215.33,221.47,214.8,216.7,4637306
2022-01-21,215.77,217.1,206.2,207.0,4298454
2022-01-24,206.4,209.1,200.5,202.33,3988361
2022-01-25,200.4,208.97,200.2,207.57,6066980
2022-01-27,206.0,208.53,203.7,205.53,5430098
2022-01-28,206.77,215.07,206.67,208.97,6363381
2022-01-31,211.23,214.9,208.73,209.4,4224096
2022-02-01,206.67,206.67,193.33,194.33,18025340
2022-02-02,195.37,196.33,193.33,193.77,5586453
2022-02-03,194.0,194.3,189.27,189.7,5771946
2022-02-04,190.67,190.83,186.87,187.4,5787009
2022-02-07,187.77,190.83,185.7,190.03,5484353
2022-02-08,190.77,191.97,187.7,191.47,6645834
2022-02-09,192.53,197.97,191.47,197.2,6927785
2022-02-10,197.77,200.57,196.8,199.67,4981835
2022-02-11,197.33,202.67,197.03,201.1,5854886
2022-02-14,196.0,199.2,192.1,193.17,2885366
2022-02-15,194.0,197.5,188.37,197.0,3352287
2022-02-16,197.8,204.67,196.0,203.1,5684816
2022-02-17,204.2,204.2,198.83,200.87,3892938
2022-02-18,200.87,203.77,198.4,199.17,3601977
2022-02-21,196.67,201.33,194.07,195.17,2693274
2022-02-22,190.0,194.7,178.0,194.0,4817394
2022-02-23,194.0,196.63,192.0,193.07,3165233
2022-02-24,187.93,190.77,180.63,181.43,8020863
2022-02-25,185.33,185.9,176.17,178.53,8465396
2022-02-28,176.33,183.07,175.37,182.17,5540666
2022-03-02,180.0,187.67,176.8,177.87,8259096
2022-03-03,180.0,189.33,178.77,186.03,18683166
2022-03-04,187.87,191.43,183.17,189.77,13900755
2022-03-07,188.47,188.47,181.4,184.2,7171623
2022-03-08,184.27,185.6,175.7,180.33,13078812
2022-03-09,181.33,183.0,178.33,179.4,8320304
2022-03-10,183.37,192.67,183.37,186.1,16704669
2022-03-11,186.4,197.27,185.6,196.2,13948977
2022-03-14,196.67,196.67,185.0,186.13,13325282
2022-03-15,188.03,188.8,180.17,182.37,12053588
2022-03-16,184.67,186.17,180.93,185.57,7346892
2022-03-17,186.67,188.83,184.53,187.63,8709237
2022-03-21,184.87,186.43,182.17,184.13,11472684
2022-03-22,183.1,190.6,183.1,186.77,12790992
2022-03-23,188.67,192.27,187.6,189.77,9883227
2022-03-24,187.47,187.87,181.73,183.33,9849969
2022-03-25,185.6,185.63,180.53,180.93,7122980
2022-03-28,181.97,183.33,177.2,177.5,8935230
2022-03-29,179.87,180.53,177.7,178.37,4862826
2022-03-30,180.67,182.43,174.87,176.3,16343247
2022-03-31,178.13,182.1,176.83,179.57,7539246
2022-04-01,179.97,184.97,179.6,184.7,6241929
2022-04-04,185.03,187.7,184.0,186.47,4426703
2022-04-05,187.33,189.33,184.83,188.07,5759012
2022-04-06,187.33,194.8,186.83,193.87,6962420
2022-04-07,194.63,196.37,190.03,190.63,7751625
2022-04-08,193.1,198.33,192.17,197.6,8715123
2022-04-11,198.93,204.47,196.93,201.07,7524383
2022-04-12,200.53,200.53,191.1,192.6,5833907
2022-04-13,193.53,196.27,192.0,195.03,2802086
2022-04-18,193.33,194.47,188.0,188.9,4030407
2022-04-19,190.67,198.67,190.13,195.33,11036150
2022-04-20,196.67,202.1,195.07,199.8,7423839
2022-04-21,201.1,202.73,197.77,200.63,5202383
2022-04-22,200.63,202.13,198.33,199.1,3427598
2022-04-25,198.33,198.33,192.07,194.43,5720189
2022-04-26,195.33,196.43,192.67,195.0,3335396
2022-04-27,192.5,195.2,187.4,187.9,4318218
2022-04-28,189.2,189.33,185.53,188.1,5927102
2022-04-29,189.3,190.8,180.0,180.2,7115864
2022-05-02,180.0,182.17,178.2,181.6,4683938
2022-05-04,181.6,184.53,180.3,181.37,3205818
2022-05-05,183.27,185.13,179.37,180.33,3895655
2022-05-06,179.0,179.9,176.3,179.13,2549289
2022-05-09,179.1,180.47,174.0,178.93,4567230
2022-05-10,180.0,183.03,178.77,180.33,5354988
2022-05-11,182.63,182.63,174.4,175.93,4438941
2022-05-12,174.67,178.07,172.0,175.0,4457723
2022-05-13,176.67,178.07,170.8,172.1,3480812
2022-05-16,173.43,173.43,168.93,169.57,2635593
2022-05-17,170.8,171.8,167.4,170.57,7191000
2022-05-18,168.0,170.0,158.87,162.43,12287912
2022-05-19,160.8,163.0,158.0,159.33,7930874
2022-05-20,162.33,164.27,159.37,162.63,9490221
2022-05-23,162.63,164.23,156.97,158.33,7662762
2022-05-24,159.93,162.6,158.73,161.37,6859215
2022-05-25,162.0,162.4,155.07,155.83,5339415
2022-05-26,156.63,157.5,150.53,156.33,8213087
2022-05-27,157.0,157.0,151.6,153.23,7390122
2022-05-30,154.03,155.6,152.4,154.57,8166267
2022-05-31,154.33,155.0,150.83,151.87,12859685
2022-06-01,153.33,157.2,152.17,153.03,9236528
2022-06-02,154.67,155.13,152.43,154.77,7759271
2022-06-03,155.2,156.33,153.83,155.27,4933131
2022-06-06,155.2,155.2,150.07,151.8,6324725
2022-06-07,151.73,154.83,150.93,153.7,4612385
2022-06-08,154.1,156.67,153.37,154.87,5238554
2022-06-09,154.53,163.27,153.33,159.07,13659257
2022-06-10,157.33,159.83,156.33,158.4,4169348
2022-06-13,155.8,156.33,150.67,151.23,4277717
2022-06-14,151.3,152.47,142.07,142.67,15084033
2022-06-15,143.4,143.97,140.2,143.23,9391041
2022-06-16,145.33,146.43,140.97,141.3,6372419
2022-06-17,140.17,142.67,139.13,139.6,12099437
2022-06-20,141.33,143.7,137.67,140.23,8808269
2022-06-21,140.0,146.33,140.0,145.6,5265470
2022-06-22,146.53,150.23,142.8,149.7,12630306
2022-06-23,150.2,151.5,147.07,150.47,10109100
2022-06-24,150.37,151.1,146.03,146.57,7090887
2022-06-27,147.9,150.67,146.13,149.83,4016829
2022-06-28,148.43,153.33,146.9,148.23,8989019
2022-06-29,147.67,149.8,146.13,149.33,4839737
2022-06-30,148.67,149.73,144.07,144.8,10057865
2022-07-01,145.33,152.67,144.13,152.3,12294897
2022-07-04,150.3,152.0,148.93,151.27,3629558
2022-07-05,151.87,152.67,148.77,150.83,6522737
2022-07-06,152.0,157.8,152.0,155.9,14709479
2022-07-07,158.67,163.93,156.97,163.13,13166997
2022-07-08,162.73,163.87,159.83,160.87,6363083
2022-07-11,160.67,163.27,157.03,162.03,5926287
2022-07-12,162.0,162.53,155.33,156.0,8388492
2022-07-13,158.03,162.0,154.07,154.7,9092483
2022-07-14,154.73,159.37,154.63,158.57,7985319
2022-07-15,159.07,161.1,157.07,159.77,6890718
2022-07-18,160.2,161.53,158.87,160.6,3022740
2022-07-19,159.9,161.33,158.9,160.57,2934315
2022-07-20,162.3,163.3,154.0,156.23,9731477
2022-07-21,156.57,159.33,155.33,158.4,4037873
2022-07-22,159.3,159.33,155.47,156.23,3123231
2022-07-25,156.6,156.6,153.07,154.13,3964277
2022-07-26,154.47,154.63,150.07,153.27,4931847
2022-07-27,153.87,155.67,152.7,155.43,2957772
2022-07-28,155.93,157.33,153.97,155.6,4870542
2022-07-29,156.73,161.57,155.87,160.77,9223986
2022-08-01,161.2,161.33,157.77,160.87,4478349
2022-08-02,160.67,166.0,160.47,163.9,10210140
2022-08-03,165.13,165.93,161.33,162.7,7627754
2022-08-04,163.93,165.3,161.73,163.2,5138175
2022-08-05,165.0,167.87,161.47,167.13,10041072
2022-08-08,162.03,163.33,156.67,159.37,23981202
2022-08-10,160.23,161.47,159.0,160.03,7867899
2022-08-11,160.67,161.6,159.87,160.07,4176942
2022-08-12,160.67,164.63,160.33,163.9,6468920
2022-08-16,167.33,170.67,164.07,170.27,10912749
2022-08-17,171.83,176.83,170.33,176.17,11612858
2022-08-18,177.27,177.73,173.6,175.43,10155851
2022-08-19,176.27,176.6,174.2,175.8,8187570
2022-08-22,165.87,167.93,163.77,164.43,8059682
2022-08-23,163.1,164.33,160.8,161.63,6158177
2022-08-24,160.1,161.17,156.9,158.6,8698671
2022-08-25,158.63,162.13,158.63,160.73,5040509
2022-08-26,161.37,162.0,160.37,160.97,4202298
2022-08-29,157.47,160.97,156.9,159.87,3857489
2022-08-30,160.3,162.83,159.0,162.37,6854526
2022-09-01,162.33,164.83,161.73,163.93,8217954
2022-09-02,164.63,165.47,158.43,158.9,7568621
2022-09-05,158.9,160.33,158.63,159.1,2567585
2022-09-06,160.17,161.83,159.03,159.3,4189113
2022-09-07,159.47,163.27,159.2,162.5,5158473
2022-09-08,164.23,170.0,164.1,167.1,11332659
2022-09-09,168.3,168.4,163.47,163.9,2230506
2022-09-12,163.9,168.23,163.0,166.67,5403569
2022-09-13,167.97,168.83,163.33,163.7,5263970
2022-09-14,162.63,163.1,160.9,161.87,3153294
2022-09-15,162.7,162.7,158.37,158.93,5375471
2022-09-16,159.6,159.6,151.9,152.53,11474276
2022-09-19,154.07,157.63,153.67,155.73,5301674
2022-09-20,156.17,157.8,155.17,155.8,2775473
2022-09-21,156.6,158.27,154.13,154.8,4102788
2022-09-22,154.67,155.27,152.17,153.67,4205958
2022-09-23,154.43,154.87,150.73,151.23,4047731
2022-09-26,150.93,154.67,145.97,146.6,6163803
2022-09-27,147.83,149.3,146.13,147.93,4879449
2022-09-28,146.67,148.0,145.2,146.0,3985905
2022-09-29,146.73,147.23,142.9,144.3,6215615
2022-09-30,145.03,145.17,142.43,144.2,5702888
2022-10-03,144.93,147.83,143.37,144.03,4434509
2022-10-04,146.6,147.63,145.47,145.83,3795038
2022-10-06,146.57,148.73,144.97,147.73,6451820
2022-10-07,146.67,146.67,143.77,145.7,5737368
2022-10-10,143.33,144.2,142.4,143.27,3370389
2022-10-11,143.33,143.93,140.0,140.13,5545425
2022-10-12,140.1,143.77,138.93,140.37,10589019
2022-10-13,141.37,141.77,137.07,138.23,6399059
2022-10-14,140.47,140.6,136.37,136.63,2677647
2022-10-17,137.0,137.1,133.9,134.83,6140814
2022-10-18,135.6,136.0,133.73,134.6,3915965
2022-10-19,135.3,136.07,134.3,134.97,2959793
2022-10-20,134.4,137.3,133.37,137.07,3070247
2022-10-21,137.93,138.53,136.17,137.47,2746161
2022-10-24,139.5,139.5,137.8,138.27,461057
2022-10-25,138.0,140.33,136.5,139.87,4127676
2022-10-27,140.0,140.97,138.7,140.4,3068619
2022-10-28,140.6,141.73,139.47,141.27,2434869
2022-10-31,142.0,142.97,140.83,142.57,2192442
2022-11-01,142.53,142.83,140.13,141.4,2448071
2022-11-02,141.4,143.53,141.13,143.13,2408175
2022-11-03,143.1,145.73,140.37,140.7,5486375
2022-11-04,137.6,139.6,134.0,135.73,11812473
2022-11-07,137.0,140.2,136.17,139.93,6315401
2022-11-09,141.3,141.3,136.17,136.33,4372316
2022-11-10,136.6,137.63,136.23,137.2,2417076
2022-11-11,137.9,138.63,137.07,138.47,2413883
2022-11-14,138.5,140.23,138.13,138.73,3239207
2022-11-15,139.3,140.33,138.0,140.13,2248626
2022-11-16,140.33,140.33,138.67,139.3,5421212
2022-11-17,139.43,140.53,138.27,140.07,2779476
2022-11-18,140.67,141.2,138.03,139.4,2705637
2022-11-21,140.1,144.23,139.67,143.53,6876125
2022-11-22,142.97,143.5,140.33,141.6,4476531
2022-11-23,142.23,143.73,141.4,142.97,3439514
2022-11-24,144.13,147.9,143.8,147.67,6908919
2022-11-25,147.97,152.27,146.13,150.7,6084678
2022-11-28,152.0,159.67,152.0,159.0,16911788
2022-11-29,159.33,159.8,157.07,159.0,4872989
2022-11-30,159.0,161.0,156.57,159.4,6961307
2022-12-01,159.4,160.0,156.7,157.63,3620271
2022-12-02,157.63,159.1,156.17,157.13,6310473
2022-12-05,157.0,157.43,152.93,153.4,3903663
2022-12-06,154.0,154.47,148.87,149.37,6235985
2022-12-07,151.67,155.67,150.5,155.03,10704455
2022-12-08,156.37,158.33,154.17,156.8,6315195
2022-12-09,160.0,163.23,156.73,160.0,10454264
2022-12-12,159.97,168.67,158.67,167.93,15173061
2022-12-13,167.83,168.53,163.33,164.03,6903222
2022-12-14,164.87,165.13,161.5,161.8,7269261
2022-12-15,162.13,165.93,161.83,164.37,6735624
2022-12-16,164.6,166.03,160.7,162.13,5686497
2022-12-19,163.27,163.5,159.63,162.33,5578116
2022-12-20,161.73,162.5,159.6,160.9,2778513
2022-12-21,160.47,161.57,154.07,154.67,6025281
2022-12-22,156.33,156.33,150.5,153.4,4272900
2022-12-23,153.07,153.07,149.7,151.67,4616978
2022-12-26,151.0,155.17,149.67,153.93,2985336
2022-12-27,154.63,155.3,152.23,154.1,3946640
2022-12-28,154.27,155.2,152.27,153.97,3091667
2022-12-29,153.93,155.77,152.33,155.47,3053522
2022-12-30,155.93,157.6,155.27,156.77,3626511
2023-01-02,157.3,159.03,156.0,158.07,2686106
2023-01-03,157.33,159.17,156.63,158.47,2534372
2023-01-04,159.33,162.67,158.17,160.67,7819118
2023-01-05,162.47,165.9,160.97,163.97,8444502
2023-01-06,163.87,167.33,162.93,166.6,5949651
2023-01-09,166.6,167.13,163.1,163.43,4839738
2023-01-10,164.27,166.67,162.0,166.13,6141446
2023-01-11,166.63,174.0,165.3,170.97,17905368
2023-01-12,171.8,171.9,165.27,166.47,7784147
2023-01-13,165.67,168.6,164.13,167.47,6520691
2023-01-16,167.87,167.87,164.43,164.93,3636102
2023-01-17,165.77,166.47,161.37,162.23,6607452
2023-01-18,161.43,163.5,161.1,162.2,2664923
2023-01-19,162.23,165.67,161.43,163.9,4791038
2023-01-20,163.67,165.33,162.17,163.93,9128768
2023-01-23,165.3,167.47,163.03,166.93,4969476
2023-01-24,167.0,168.47,165.17,166.13,4747997
2023-01-25,165.5,166.6,164.1,165.37,3690420
2023-01-27,165.83,166.6,152.17,156.2,9358625
2023-01-30,157.07,157.9,154.0,156.23,6202143
2023-01-31,157.87,160.2,156.73,158.6,7010273
2023-02-01,158.0,160.4,153.4,156.97,7549490
2023-02-02,157.33,157.33,151.0,153.5,6896490
2023-02-03,154.6,154.97,148.07,151.73,7097306
2023-02-06,152.6,155.23,150.37,154.8,4750209
2023-02-07,155.3,155.3,152.97,154.43,1990761
2023-02-08,154.43,155.5,151.97,154.57,5676672
2023-02-09,152.93,155.8,152.9,154.7,3127241
2023-02-10,156.67,157.3,153.4,155.2,8468109
2023-02-13,155.33,156.53,153.37,154.13,4487081
2023-02-14,154.0,156.3,151.9,155.83,4850151
2023-02-15,155.8,157.0,154.53,156.7,1779788
2023-02-16,156.4,156.8,153.33,154.27,4559559
2023-02-17,154.47,157.8,153.87,156.03,4276802
2023-02-20,156.93,156.93,153.13,154.27,4974309
2023-02-21,154.73,156.3,150.33,151.5,3905513
2023-02-22,148.63,150.27,146.9,149.27,8681489
2023-02-23,149.4,150.17,147.5,148.07,9838302
2023-02-24,148.27,149.37,144.4,144.67,6737139
2023-02-27,145.2,145.2,141.1,142.87,9315732
2023-02-28,142.87,144.3,141.7,143.5,8388482
2023-03-01,144.17,144.77,142.93,143.47,4679160
2023-03-02,143.9,146.2,142.7,145.37,4907435
2023-03-03,146.43,146.77,144.5,145.93,3269901
2023-03-06,146.6,148.37,146.03,146.93,4621503
2023-03-08,146.8,149.67,146.47,149.17,5055750
2023-03-09,149.27,151.67,149.03,151.23,6104592
2023-03-10,150.63,154.17,149.23,153.13,4435130
2023-03-13,152.67,154.2,151.27,152.17,5203860
2023-03-14,152.07,153.47,150.0,152.47,5196926
2023-03-15,154.0,155.97,153.07,153.57,6112385
2023-03-16,155.33,164.6,155.33,163.0,25118346
2023-03-17,164.0,164.3,160.0,161.7,14024505
2023-03-20,164.97,165.93,160.53,165.07,8810156
2023-03-21,165.13,165.13,161.4,163.17,5039412
2023-03-22,163.2,164.17,162.3,163.63,2836470
2023-03-23,163.0,163.7,161.33,161.8,3179514
2023-03-24,161.33,161.8,159.0,159.23,1483274
2023-03-27,159.9,161.6,156.7,157.53,2168924
2023-03-28,156.6,157.07,153.53,156.17,2860262
2023-03-29,155.8,157.53,154.37,156.03,6468888
2023-03-31,156.83,159.27,156.43,157.87,2138277
2023-04-03,153.33,155.1,146.73,150.33,12769617
2023-04-05,151.0,151.0,148.37,150.43,4276868
2023-04-06,151.2,153.0,150.23,151.93,2259390
2023-04-10,151.97,154.0,151.4,152.87,2927700
2023-04-11,153.07,154.5,152.87,154.2,1825853
2023-04-12,154.0,154.87,151.7,153.27,4430576
2023-04-13,151.4,152.6,148.83,150.0,8359146
2023-04-17,150.37,151.57,148.03,151.27,2938274
2023-04-18,151.97,152.57,151.3,152.4,1956854
2023-04-19,152.5,159.33,152.0,158.83,5825330
2023-04-20,159.9,162.33,158.57,159.8,5250110
2023-04-21,160.87,161.6,159.0,161.2,2342361
2023-04-24,160.93,162.8,159.77,162.53,1495484
2023-04-25,162.3,165.33,161.33,164.67,2885666
2023-04-26,163.53,165.73,163.53,164.83,2271381
2023-04-27,166.2,169.0,165.83,167.07,4603572
2023-04-28,167.67,167.87,164.87,167.5,2437161
2023-05-02,167.53,171.77,167.13,168.57,3955167
2023-05-03,170.47,173.33,169.2,171.07,6784113
2023-05-04,172.7,177.3,170.9,172.13,10417746
2023-05-05,173.0,173.63,169.1,169.33,3263120
2023-05-08,169.8,170.07,166.97,169.3,5558658
2023-05-09,169.63,170.93,168.7,170.3,3145602
2023-05-10,171.57,173.0,169.23,170.7,7782618
2023-05-11,172.03,172.77,170.87,172.27,1895304
2023-05-12,172.0,174.17,170.03,173.83,4794614
2023-05-15,175.67,179.33,172.3,173.07,6639102
2023-05-16,174.8,177.33,172.77,174.1,6203130
2023-05-17,174.1,176.13,171.57,172.13,2786406
2023-05-18,172.6,173.07,168.8,169.6,2160512
2023-05-19,169.67,171.33,167.8,170.9,3027515
2023-05-22,170.73,170.87,168.17,170.33,1903704
2023-05-23,170.6,176.93,170.17,175.6,6071472
2023-05-24,175.6,176.6,171.93,172.13,2200050
2023-05-25,172.0,172.9,169.83,172.07,3132071
2023-05-26,173.3,174.6,171.7,172.37,1595075
2023-05-29,173.33,173.37,170.8,171.8,1161716
2023-05-30,171.8,172.9,170.37,171.27,1894574
2023-05-31,172.23,176.13,170.8,173.93,15045518
2023-06-01,175.33,178.23,173.07,173.5,3952574
2023-06-02,173.93,173.93,171.53,172.37,3811751
2023-06-05,172.1,172.57,168.87,171.0,4093460
2023-06-06,171.3,175.5,171.07,174.9,4288523
2023-06-07,175.53,185.6,175.23,184.43,20442456
2023-06-08,181.67,181.67,176.67,177.27,11899332
2023-06-09,178.67,179.2,174.37,174.8,3135650
2023-06-12,175.33,183.3,175.3,182.3,7368527
2023-06-13,183.67,184.8,181.93,182.9,3645701
2023-06-14,182.33,186.33,182.33,183.93,6189216
2023-06-15,184.17,185.17,182.0,182.67,2832462
2023-06-16,182.67,183.33,180.67,182.27,5489853
2023-06-19,182.3,182.93,180.7,181.83,1322178
2023-06-20,182.0,182.33,179.13,181.97,3240381
2023-06-21,182.8,183.53,180.37,182.67,4206816
2023-06-22,181.87,184.0,180.4,183.33,4437797
2023-06-23,182.0,183.17,176.67,179.63,9021867
2023-06-26,179.6,181.8,177.63,180.77,2874287
2023-06-27,181.33,183.1,177.23,178.0,4469018
2023-06-28,179.83,183.33,177.47,179.4,3750533
2023-06-30,179.83,183.33,178.77,182.57,4707263
2023-07-03,184.0,195.63,181.73,189.0,23464449
2023-07-04,190.67,190.67,184.43,186.07,5445698
2023-07-05,186.57,194.83,184.33,193.87,11353589
2023-07-06,193.37,204.67,193.37,201.3,21507128
2023-07-07,201.3,205.33,199.67,203.97,8855568
2023-07-10,205.33,205.33,196.23,198.67,6227747
2023-07-11,198.53,199.83,196.03,196.77,8844828
2023-07-12,196.73,198.47,193.77,194.27,5229450
2023-07-13,195.33,195.8,190.0,191.2,6452354
2023-07-14,191.33,193.67,189.0,191.6,3793560
2023-07-17,193.53,196.67,192.37,196.23,5026647
2023-07-18,197.17,198.67,193.0,193.6,4502048
2023-07-19,193.67,199.0,192.53,198.6,5510273
2023-07-20,198.67,203.73,198.67,200.27,6611903
2023-07-21,200.0,203.2,198.93,201.03,2548011
2023-07-24,201.03,203.0,199.83,200.63,3929003
2023-07-25,199.9,202.53,198.53,200.2,4224957
2023-07-26,200.33,206.6,199.47,201.13,6802076
2023-07-27,202.33,203.77,192.93,193.8,7411893
2023-07-28,194.97,194.97,185.0,186.27,11168121
2023-07-31,186.67,190.33,184.2,188.27,9361326
2023-08-01,187.67,191.3,186.73,190.03,4767051
2023-08-02,190.8,190.8,182.67,184.2,14082816
2023-08-03,184.33,185.4,179.0,180.23,13926198
2023-08-04,182.6,182.6,177.47,177.8,4999947
2023-08-07,179.13,179.33,175.33,178.53,5979615
2023-08-08,179.4,180.17,175.0,176.7,5992815
2023-08-09,177.27,178.33,175.43,177.6,3792138
2023-08-10,177.93,179.8,176.03,176.6,3616730
2023-08-11,177.67,179.73,176.77,177.77,3500498
2023-08-14,177.67,177.73,174.73,175.6,1766820
2023-08-16,175.0,177.7,173.83,174.43,5202744
2023-08-17,175.33,176.0,173.47,174.5,2863151
2023-08-18,175.1,175.9,173.1,174.1,3741704
2023-08-21,174.03,174.83,172.9,173.67,3168927
2023-08-22,174.63,175.1,172.8,173.47,2347454
2023-08-23,173.67,174.23,172.73,173.33,1840953
2023-08-24,174.0,177.7,173.47,176.57,4411829
2023-08-25,176.67,178.63,173.73,174.33,3785394
2023-08-28,174.67,177.23,174.1,176.23,4166006
2023-08-29,176.93,177.8,175.47,175.93,4076849
2023-08-30,173.73,174.67,171.33,171.8,14803556
2023-08-31,172.13,172.17,164.53,165.4,13543469
2023-09-01,166.33,167.27,164.13,166.83,8588033
2023-09-04,167.67,169.13,165.67,168.7,7089276
2023-09-05,169.23,172.47,168.33,169.77,4983171
2023-09-06,167.9,170.0,166.5,169.8,4225832
2023-09-07,170.77,171.83,168.0,169.43,6149201
2023-09-08,169.83,175.53,169.33,173.6,8627001
2023-09-11,175.0,179.1,173.6,177.2,8315091
2023-09-12,179.27,179.27,167.33,167.87,11343911
2023-09-13,168.17,170.57,166.37,169.8,6439730
2023-09-14,170.2,172.87,169.77,172.33,4605396
2023-09-15,171.77,171.87,167.33,168.17,16292865
2023-09-18,167.7,174.17,167.47,171.4,7400762
2023-09-20,169.0,172.87,168.23,171.87,7330284
2023-09-21,172.0,177.33,171.03,175.63,12707769
2023-09-22,175.33,177.5,173.67,173.97,6728027
2023-09-25,173.37,174.57,170.83,173.57,5094866
2023-09-26,173.33,175.83,172.83,173.33,4370337
2023-09-27,173.1,173.2,168.6,170.87,6081648
2023-09-28,169.33,171.3,166.07,166.47,5850074
2023-09-29,167.8,171.83,166.87,169.97,4398093
2023-10-03,171.0,172.73,169.1,169.6,5772863
2023-10-04,170.0,170.1,164.7,166.63,7628286
2023-10-05,170.67,174.47,168.2,169.03,8985072
2023-10-06,169.37,172.87,168.67,171.83,5602409
2023-10-09,168.07,168.67,166.0,167.8,7985133
2023-10-10,167.83,169.7,167.4,167.83,1638906
2023-10-11,169.1,170.37,168.4,169.4,3530580
2023-10-12,170.33,174.53,170.3,172.27,4740789
2023-10-13,172.03,173.23,170.53,170.97,2186108
2023-10-16,169.33,172.33,167.43,171.13,3632274
2023-10-17,171.43,177.67,170.6,174.47,8071116
2023-10-18,175.13,175.33,170.7,171.3,6627410
2023-10-19,170.67,175.33,169.5,174.53,2734614
2023-10-20,173.33,173.33,167.17,168.47,6209217
2023-10-23,169.0,169.87,165.2,166.13,7104467
2023-10-25,167.8,168.57,162.7,164.03,5532332
2023-10-26,163.33,163.37,159.47,161.43,4802960
2023-10-27,161.67,164.1,161.0,162.37,2395592
2023-10-30,163.33,165.17,161.07,163.97,4989558
2023-10-31,164.9,166.23,163.47,165.13,3108584
2023-11-01,166.33,169.73,166.27,167.97,4750212
2023-11-02,169.13,172.33,168.27,170.13,4700621
2023-11-03,170.67,173.27,170.0,171.7,3553620
2023-11-06,173.2,176.67,172.3,174.73,7518147
2023-11-07,176.73,186.83,173.37,185.77,30501137
2023-11-08,188.37,201.6,188.03,199.67,37025106
2023-11-09,200.1,203.2,198.07,199.3,9674457
2023-11-10,198.67,201.83,197.17,199.7,4987359
2023-11-12,202.0,203.57,199.67,200.17,910299
2023-11-13,199.4,203.17,196.83,202.17,7103496
2023-11-15,203.23,209.8,201.17,209.07,13297721
2023-11-16,210.0,217.87,208.9,213.5,14447925
2023-11-17,215.33,223.13,205.63,206.67,27496919
2023-11-20,207.7,208.53,203.67,204.8,7316141
2023-11-21,206.47,206.47,200.2,203.3,8143940
2023-11-22,204.67,209.57,201.53,203.67,14970243
2023-11-23,204.67,219.83,203.87,217.8,24344445
2023-11-24,217.23,217.33,209.7,213.47,15421745
2023-11-28,219.37,230.0,216.73,228.5,39726290
2023-11-29,228.0,234.0,224.7,228.3,23548496
2023-11-30,228.0,233.2,224.37,231.6,18231518
2023-12-01,232.07,237.57,229.37,230.37,11196495
2023-12-04,236.67,252.97,236.67,251.0,44928233
2023-12-05,254.0,261.0,249.43,254.3,29843163
2023-12-06,258.0,259.93,249.77,256.17,10174220
2023-12-07,260.17,264.0,254.77,255.4,20068596
2023-12-08,256.0,257.87,248.73,251.67,8463869
2023-12-11,253.33,254.9,238.8,240.57,23689200
2023-12-12,240.67,246.57,237.33,238.07,12651369
2023-12-13,242.33,251.83,241.77,250.0,21529430
2023-12-14,251.93,253.33,246.3,250.47,9775295
2023-12-15,245.33,261.83,244.37,255.93,18928415
2023-12-18,257.33,257.83,251.9,252.87,6407295
2023-12-19,254.6,256.67,250.77,253.73,7063871
2023-12-20,256.5,256.5,242.07,243.23,11112140
2023-12-21,240.2,252.0,239.13,250.47,8472188
2023-12-22,250.4,250.4,242.67,246.2,12698516
2023-12-26,247.27,261.33,244.53,256.1,21655452
2023-12-27,256.0,258.3,251.33,254.57,19716266
2023-12-28,257.13,290.93,254.9,278.43,57375486
2023-12-29,266.67,273.47,264.8,265.93,29294129
2024-01-01,270.67,271.0,265.4,266.4,8701509
2024-01-02,267.53,274.0,262.07,272.47,12324552
2024-01-03,272.7,282.37,270.33,281.2,19759922
2024-01-04,278.0,278.77,274.7,276.93,11684829
2024-01-05,277.67,284.67,277.47,280.0,14570676
2024-01-08,282.67,292.0,281.47,286.27,21847068
2024-01-09,292.0,294.23,287.33,292.9,11090033
2024-01-10,290.0,291.0,283.77,287.13,8980550
2024-01-11,290.0,298.3,288.97,297.0,13717158
2024-01-12,297.9,302.13,292.37,300.53,11439837
2024-01-15,301.67,302.4,296.77,299.73,6912683
2024-01-16,299.6,306.27,298.7,301.87,11116167
2024-01-17,300.67,305.83,297.37,299.4,12987159
2024-01-18,299.33,308.0,292.93,303.07,9661436
2024-01-19,305.73,312.37,302.0,310.5,5983178
2024-01-20,313.33,316.67,309.43,312.43,6503177
2024-01-23,317.87,318.0,291.33,293.63,13018229
2024-01-24,296.67,304.5,294.0,301.7,9089022
2024-01-25,304.0,304.97,277.67,287.07,26530121
2024-01-29,288.67,305.77,286.77,301.53,20708088
2024-01-30,304.17,323.53,303.17,314.47,25892997
2024-01-31,316.27,318.37,306.73,308.83,9025434
2024-02-01,311.97,313.57,304.0,310.53,7832594
2024-02-02,315.33,333.87,313.97,325.9,28635609
2024-02-05,331.33,344.9,326.67,338.93,27456336
2024-02-06,343.33,360.67,336.77,357.2,28853270
2024-02-07,349.33,355.17,344.1,349.07,17541222
2024-02-08,349.2,358.93,346.73,350.1,19069319
2024-02-09,350.67,350.97,326.2,340.13,14684276
2024-02-12,338.07,340.13,324.6,334.6,14235303
2024-02-13,335.33,338.5,328.27,334.43,7641726
2024-02-14,330.0,366.0,327.7,362.2,21203627
2024-02-15,365.87,386.47,358.37,383.33,26550161
2024-02-16,385.33,396.53,372.57,377.13,22269525
2024-02-19,378.0,379.73,368.37,369.8,15202254
2024-02-20,369.8,378.33,359.27,375.4,13374788
2024-02-21,376.0,379.33,354.67,362.17,9993581
2024-02-22,362.0,366.7,352.4,359.4,9478065
2024-02-23,357.33,359.63,348.07,351.73,8613266
2024-02-26,351.73,362.33,340.67,361.1,24162311
2024-02-27,361.2,365.0,348.37,353.23,12715461
2024-02-28,353.23,353.47,336.3,338.13,16233911
2024-02-29,336.7,343.33,334.7,339.6,14603768
2024-03-01,344.0,350.67,343.53,344.77,10267491
2024-03-02,345.0,347.33,342.97,345.87,786030
2024-03-04,344.67,351.93,343.7,350.07,12281475
2024-03-05,350.67,354.3,347.7,352.03,7153845
2024-03-06,351.0,353.2,336.13,344.8,11296346
2024-03-07,343.8,345.67,335.6,339.0,6370131
2024-03-11,337.33,348.0,331.63,341.23,13126310
2024-03-12,341.33,347.63,338.17,342.87,9137031
2024-03-13,343.07,344.67,319.07,322.6,11735006
2024-03-14,323.33,336.67,320.4,333.4,11317566
2024-03-15,326.57,326.57,300.77,312.57,47569515
2024-03-18,312.6,316.53,306.23,307.43,12216914
2024-03-19,304.6,305.3,295.37,297.0,9912509
2024-03-20,299.33,304.1,297.2,302.43,10448274
2024-03-21,306.97,315.93,305.63,315.0,7801535
2024-03-22,316.13,322.43,313.8,315.63,7611104
2024-03-26,312.6,318.53,309.0,315.07,9326937
2024-03-27,318.0,322.8,312.7,314.07,6988608
2024-03-28,316.7,319.57,313.4,317.1,7216713
2024-04-01,317.37,319.0,311.1,312.53,9094608
2024-04-02,313.53,323.13,311.67,321.47,7687869
2024-04-03,319.23,322.0,315.03,316.37,7073594
2024-04-04,316.67,320.0,306.67,307.7,10008146
2024-04-05,304.67,308.6,299.5,307.47,11510322
2024-04-08,310.0,314.43,303.73,308.6,9532319
2024-04-09,309.3,309.93,304.27,305.9,5474667
2024-04-10,306.33,326.0,306.33,324.97,21499953
2024-04-12,324.67,324.9,317.83,318.83,10106094
2024-04-15,314.67,318.17,305.53,311.63,15292358
2024-04-16,308.33,319.97,305.67,312.37,10663104
2024-04-18,319.5,329.33,316.03,318.2,19510577
2024-04-19,311.27,320.33,305.17,318.93,15891542
2024-04-22,324.67,334.0,324.07,328.03,16166055
2024-04-23,330.0,330.67,321.07,322.07,7308573
2024-04-24,323.6,326.9,319.5,324.93,6410241
2024-04-25,324.67,328.8,322.67,327.47,5505240
2024-04-26,326.67,331.67,323.63,327.4,5441873
2024-04-29,329.6,340.6,328.07,337.1,13011374
2024-04-30,340.27,343.7,327.17,330.27,9751020
2024-05-02,338.0,357.83,336.33,355.67,32543126
2024-05-03,360.0,360.6,352.73,356.07,8668202
2024-05-06,358.73,358.73,341.77,342.53,6891572
2024-05-07,351.9,356.47,340.0,342.7,19101260
2024-05-08,346.03,353.33,343.0,348.8,9974297
2024-05-09,351.93,352.0,331.3,334.0,16768836
2024-05-10,340.0,342.93,326.73,334.37,11140683
2024-05-13,337.93,338.67,316.9,333.43,17016713
2024-05-14,333.33,336.67,326.7,328.87,5985654
2024-05-15,331.33,339.87,330.97,337.8,5723607
2024-05-16,341.33,342.0,326.87,332.6,9257388
2024-05-17,333.4,341.07,331.1,337.97,7424826
2024-05-18,338.67,338.67,334.97,336.7,716930
2024-05-21,339.47,353.93,334.47,351.23,15917613
2024-05-22,352.0,357.33,344.73,353.57,10313954
2024-05-23,355.33,363.13,353.13,356.97,9477854
2024-05-24,358.67,366.9,352.07,362.3,10199690
2024-05-27,362.17,376.0,355.0,371.43,16476420
2024-05-28,371.33,373.0,360.7,364.6,9185273
2024-05-29,360.0,364.23,355.97,358.47,5454599
2024-05-30,359.07,361.77,353.6,356.3,6371390
2024-05-31,362.0,363.13,355.0,358.23,11795000
2024-06-03,383.33,396.53,380.07,388.27,29299820
2024-06-04,389.5,389.67,312.07,329.83,23688404
2024-06-05,340.67,341.27,308.0,336.83,16559897
2024-06-06,340.33,357.07,338.7,343.7,14369309
2024-06-07,342.0,351.17,336.93,349.23,12447923
2024-06-10,353.33,354.67,344.53,347.97,11322131
2024-06-11,350.43,355.0,344.17,349.37,10079643
2024-06-12,353.0,358.57,349.73,350.63,9350832
2024-06-13,354.13,354.87,349.67,352.23,7163402
2024-06-14,356.0,362.5,353.33,357.53,11446403
2024-06-18,361.27,361.47,351.63,353.43,10276386
2024-06-19,355.37,355.8,342.17,343.67,9794069
2024-06-20,346.67,350.4,342.67,349.2,6873147
2024-06-21,350.3,352.55,336.0,340.85,13108523
2024-06-24,341.3,344.85,335.3,337.95,8084076
2024-06-25,338.0,340.15,331.25,334.65,3115862
2024-06-26,335.65,337.45,332.35,333.45,2687005
2024-06-27,334.0,336.2,327.0,332.75,8129031
2024-06-28,334.25,339.45,331.5,332.1,4752345
2024-07-01,331.3,334.4,329.5,331.3,4841697
2024-07-02,330.8,333.05,324.25,328.3,4430500
2024-07-03,328.6,330.5,325.3,329.75,4393135
2024-07-04,331.0,334.55,328.6,329.75,3575516
2024-07-05,328.5,334.2,327.5,332.45,7702282
2024-07-08,332.55,336.2,326.15,327.9,9973397
2024-07-09,328.4,333.35,326.8,330.75,4313809
2024-07-10,332.0,337.1,323.0,335.15,6833051
2024-07-11,339.6,353.15,338.0,350.05,17148192
2024-07-12,353.9,353.9,341.2,342.15,8624668
2024-07-15,344.75,350.3,341.4,348.05,7249546
2024-07-16,348.05,361.0,347.6,358.2,14079381
2024-07-18,358.75,365.0,354.7,357.65,10408667
2024-07-19,358.6,358.9,340.6,341.65,10763075
2024-07-22,341.85,354.8,337.8,346.7,13506968
2024-07-23,348.35,348.7,329.5,346.5,9389682
2024-07-24,347.0,356.35,344.1,353.85,8207636
2024-07-25,350.0,376.9,347.15,373.75,20611250
2024-07-26,379.4,379.5,370.2,376.55,9301896
2024-07-29,386.0,389.3,378.8,381.05,14114983
2024-07-30,375.15,401.75,370.1,395.75,35730279
2024-07-31,399.8,406.6,391.05,392.25,17127806
2024-08-01,392.45,393.5,384.75,391.4,8840248
2024-08-02,390.2,398.5,383.85,389.25,12474802
2024-08-05,387.0,392.65,377.05,388.75,14077705
2024-08-06,394.0,400.05,384.3,386.2,10419295
2024-08-07,394.0,403.5,388.2,396.8,17004585
2024-08-08,399.0,399.0,383.25,389.15,14723158
2024-08-09,380.3,385.8,374.05,376.65,9753610
2024-08-12,375.0,383.5,370.5,379.7,10370149
2024-08-13,377.0,377.6,363.95,371.35,14426819
2024-08-14,371.85,377.4,368.45,373.1,5776570
2024-08-16,376.6,382.0,373.65,379.85,7276293
2024-08-19,385.0,394.85,383.55,387.35,13213008
2024-08-20,391.1,404.8,391.1,396.5,16300789
2024-08-21,396.4,411.8,394.0,407.5,14427485
2024-08-22,413.0,414.65,403.35,406.5,9217776
2024-08-23,406.4,413.75,404.0,405.5,8131913
2024-08-26,408.1,408.8,400.3,405.05,6084146
2024-08-27,401.9,411.4,397.3,404.35,7476660
2024-08-28,407.25,411.4,402.95,406.6,6224089
2024-08-29,407.05,417.5,402.45,415.85,9653177
2024-08-30,421.4,425.25,415.75,419.05,16999644
2024-09-02,425.0,438.0,421.1,427.85,18305095
2024-09-03,428.85,430.7,424.75,425.9,5140913
2024-09-04,433.5,447.6,428.15,445.1,26837682
2024-09-05,446.3,457.15,444.05,448.5,12007469
2024-09-06,448.8,451.85,432.7,434.4,8950512
2024-09-09,434.4,434.45,420.1,421.4,8907889
2024-09-10,424.4,424.4,417.15,421.35,5944511
2024-09-11,429.2,435.95,407.55,409.45,12529867
2024-09-12,415.0,417.65,410.0,413.4,8007169
2024-09-13,413.45,417.9,406.7,410.9,9258252
2024-09-16,411.0,413.8,405.8,410.2,4415935
2024-09-17,410.5,412.5,406.05,408.7,3296568
2024-09-18,406.55,410.85,405.0,407.45,2255708
2024-09-19,408.0,408.7,392.0,398.05,4541604
2024-09-20,398.05,403.3,394.4,398.75,9159103
2024-09-23,399.5,408.95,396.65,403.45,4899097
2024-09-24,402.9,419.4,402.65,417.15,9274367
2024-09-25,417.15,419.05,407.6,417.4,4872324
2024-09-26,418.2,424.05,408.6,421.95,6065915
2024-09-27,424.0,439.8,421.2,437.95,12190119
2024-09-30,436.0,446.95,430.5,440.55,7949959
2024-10-01,440.0,446.05,438.45,444.9,5525180
2024-10-03,429.0,432.65,413.0,415.05,14169317
2024-10-04,407.0,413.75,395.1,406.9,12354340
2024-10-07,407.2,409.35,390.95,393.65,5679436
2024-10-08,388.0,395.0,381.5,390.25,12815777
2024-10-09,400.0,413.0,393.25,394.85,11902837
2024-10-10,397.5,404.0,392.0,392.5,3363159
2024-10-11,392.0,397.05,387.4,395.5,2978692
2024-10-14,397.5,407.9,396.05,405.85,6151692
2024-10-15,414.0,426.9,412.25,422.9,16856309
2024-10-16,427.0,438.35,425.15,434.65,16355809
2024-10-17,431.95,439.0,428.25,433.35,11762175
2024-10-18,430.4,435.3,422.65,431.6,4941502
2024-10-21,433.0,436.3,413.85,415.15,9263679
2024-10-22,414.1,416.6,400.5,402.1,5951071
2024-10-23,402.1,403.3,394.2,397.85,3779746
2024-10-24,396.0,405.4,393.45,404.75,7703516
2024-10-25,406.0,406.0,370.65,372.4,8522829
2024-10-28,380.0,393.8,379.0,383.3,12990859
2024-10-29,384.95,389.85,375.5,388.5,5115112
2024-10-30,388.5,389.45,376.7,377.65,5110158
2024-10-31,377.0,382.45,374.0,380.9,6864561
2024-11-01,380.9,383.3,380.0,381.0,505687
2024-11-04,382.0,382.0,363.65,368.5,8846874
2024-11-05,365.0,376.5,362.25,374.85,8163853
2024-11-06,379.85,393.95,377.15,391.6,8284664
2024-11-07,390.85,400.0,385.35,396.5,5850910
2024-11-08,395.85,395.85,380.3,383.05,5067482
2024-11-11,383.0,387.8,375.15,380.95,6123412
2024-11-12,384.1,390.0,374.05,375.55,6589595
2024-11-13,375.0,377.9,367.75,371.4,4346895
2024-11-14,372.5,379.3,365.45,372.4,5809877
2024-11-18,372.4,375.75,366.4,367.3,5010823
2024-11-19,366.0,374.8,360.2,362.15,2933169
2024-11-21,362.15,363.6,354.9,360.1,4403773
2024-11-22,362.0,365.3,358.6,360.7,2571975
2024-11-25,368.95,384.65,367.95,376.85,9614696
2024-11-26,382.1,389.7,378.0,379.6,3574299
2024-11-27,385.9,386.0,375.8,380.15,6106128
2024-11-28,381.9,386.25,377.25,380.0,5435933
2024-11-29,381.45,385.0,376.4,383.1,4384830
2024-12-02,383.1,384.0,379.2,380.95,2355565
2024-12-03,385.0,387.6,382.55,384.55,5317630
2024-12-04,384.0,391.65,382.7,387.65,3476461
2024-12-05,390.5,393.1,384.5,391.8,3583458
2024-12-06,393.85,402.25,392.05,399.2,8107943
2024-12-09,399.05,404.45,397.65,399.7,4763280
2024-12-10,400.0,406.35,397.25,404.9,6662197
2024-12-11,404.9,412.35,404.45,410.1,8783167
2024-12-12,410.0,414.0,406.05,411.7,4832913
2024-12-13,411.7,418.05,409.45,415.05,7106881
2024-12-16,414.9,419.0,400.3,407.1,7360302
2024-12-17,408.0,409.8,404.6,407.1,3735357
2024-12-18,406.0,409.0,396.95,398.05,4286929
2024-12-19,392.0,411.0,388.85,407.4,7226543
2024-12-20,409.0,413.5,397.95,399.5,8035990
2024-12-23,400.05,411.45,399.3,403.6,3951645
2024-12-24,404.0,417.95,401.6,412.85,6334203
2024-12-26,412.85,421.5,408.8,419.3,6201557
2024-12-27,420.4,420.4,409.1,410.7,3440755
2024-12-30,409.0,410.4,400.9,405.8,6858610
2024-12-31,405.8,410.6,402.65,408.75,3103194
2025-01-01,410.0,414.0,404.7,412.35,2185656
2025-01-02,412.25,415.8,404.5,412.7,2391474
2025-01-03,413.5,417.1,407.7,413.05,4037493
2025-01-06,413.05,414.0,388.0,388.95,5016149
2025-01-07,391.9,397.6,385.15,386.2,3195402
2025-01-08,386.5,394.7,381.7,391.35,3631344
2025-01-09,393.0,393.0,383.45,384.8,2525567
2025-01-10,387.55,392.8,379.55,388.45,3504508
2025-01-13,376.55,376.55,360.15,364.4,13439614
2025-01-14,365.0,375.95,363.85,373.25,3392260
2025-01-15,377.5,379.45,360.6,363.25,4162695
2025-01-16,364.0,365.55,357.4,358.2,5072603
2025-01-17,358.35,363.2,355.2,358.9,3122954
2025-01-20,360.0,363.4,353.35,360.35,6963879
2025-01-21,363.0,372.4,358.0,369.95,12344913
2025-01-22,373.8,374.7,363.2,370.1,6676035
2025-01-23,373.0,373.8,359.85,362.1,5143368
2025-01-24,374.2,379.95,351.25,352.85,18088473
2025-01-27,350.4,350.9,343.35,345.95,4454025
2025-01-28,350.0,351.75,341.45,349.5,5097372
2025-01-29,350.85,352.25,343.7,345.25,3747258
2025-01-30,348.95,354.1,346.0,351.6,4412278
2025-01-31,351.0,359.45,349.4,358.25,2019592
2025-02-01,358.25,358.9,333.1,344.85,7985220
2025-02-03,330.0,333.3,318.7,324.9,26282943
2025-02-04,328.5,334.85,327.15,333.7,7377189
2025-02-05,342.1,349.65,340.1,342.9,7113783
2025-02-06,348.6,349.15,340.6,343.1,3123836
2025-02-07,345.0,346.7,339.55,342.5,1712683
2025-02-10,343.0,344.0,335.05,338.3,1957224
2025-02-11,338.3,338.3,328.25,330.0,1562978
2025-02-12,330.0,330.3,318.65,323.95,3179345
2025-02-13,328.0,333.8,319.2,320.15,9771116
2025-02-14,323.0,323.45,304.4,312.35,9525190
2025-02-17,312.65,320.4,303.25,318.1,4591304
2025-02-18,319.0,320.7,312.4,319.95,1673581
2025-02-19,318.95,326.4,316.65,324.6,2325236
2025-02-20,323.8,332.2,321.25,331.7,1771611
2025-02-21,331.0,331.0,321.9,323.0,2193356
2025-02-24,320.9,325.5,317.65,319.3,3307496
2025-02-25,319.3,320.25,309.35,309.85,4356438
2025-02-27,311.0,312.8,302.3,307.0,4865436
2025-02-28,305.0,306.0,292.45,293.75,6517549
2025-03-03,295.0,298.9,287.55,297.8,3792065
2025-03-04,294.1,316.4,290.1,315.2,7276713
2025-03-05,314.05,334.5,314.05,326.15,12406494
2025-03-06,334.7,342.4,331.8,339.15,12790937
2025-03-07,338.9,339.05,330.15,332.45,3825464
2025-03-10,336.5,344.0,324.25,325.8,7154245
2025-03-11,324.0,333.9,320.5,329.7,6272107
2025-03-12,334.55,343.0,325.8,327.35,8497676
2025-03-13,327.35,328.4,323.0,323.7,4696394
2025-03-17,325.85,330.4,323.7,325.5,5417463
2025-03-18,325.95,330.0,319.5,324.0,5203598
2025-03-19,326.0,330.4,324.1,328.0,5942282
2025-03-20,330.8,339.5,327.05,336.55,4833173
2025-03-21,336.0,360.2,334.1,356.95,15733590
2025-03-24,371.0,372.0,354.3,361.9,9399628
2025-03-25,359.05,365.0,352.7,361.45,6724910
2025-03-26,360.15,364.5,351.05,351.9,4094188
2025-03-27,350.75,364.0,349.15,359.55,4545137
2025-03-28,363.75,369.35,358.05,360.35,5348515
2025-04-01,354.8,363.5,349.6,361.7,5111753
2025-04-02,360.1,363.4,353.05,362.15,2536402
2025-04-03,361.0,374.3,359.35,362.45,5566330
2025-04-04,373.0,377.85,350.6,358.35,12874209
2025-04-07,350.0,366.95,341.5,352.8,15489620
2025-04-08,360.1,371.7,353.0,369.15,10576907
2025-04-09,372.0,383.05,365.15,379.3,11180400
2025-04-11,384.5,386.75,377.05,382.2,7217670
2025-04-15,386.55,386.95,376.1,379.1,4572204
2025-04-16,378.5,391.15,377.3,390.05,3731014
2025-04-17,389.9,391.3,385.05,387.7,2358710
2025-04-21,387.7,399.0,384.5,394.85,2836553
2025-04-22,395.9,402.25,393.0,398.45,5630844
2025-04-23,398.5,399.2,383.85,388.8,4742867
2025-04-24,390.0,394.0,387.3,390.45,4385172
2025-04-25,390.4,393.1,378.25,380.7,2552932
2025-04-28,377.0,393.0,377.0,392.2,6104973
2025-04-29,393.1,396.8,389.25,391.1,4419920
2025-04-30,395.0,402.75,374.5,378.7,9150558
2025-05-02,379.95,390.3,379.95,385.05,4484802
2025-05-05,392.0,414.0,391.25,409.85,28073682
2025-05-06,410.0,411.85,395.1,396.8,5485163
2025-05-07,394.0,405.1,392.6,396.95,8825404
2025-05-08,399.0,402.6,385.0,388.1,5347464
2025-05-09,382.2,388.0,380.0,386.25,3757854
2025-05-12,395.0,397.0,386.0,388.8,4957935
2025-05-13,390.0,393.6,386.2,388.9,3665291
2025-05-14,392.8,398.0,391.45,396.6,4370060
2025-05-15,400.0,407.3,397.7,402.7,5828155
2025-05-16,404.45,411.2,402.65,410.05,5353067
2025-05-19,410.1,411.5,404.1,404.9,2489091
2025-05-20,406.0,410.5,392.2,397.4,3231580
2025-05-21,395.5,405.9,390.55,404.9,3723167
2025-05-22,405.0,406.95,397.8,401.25,1971376
2025-05-23,404.0,411.75,404.0,408.1,5540517
